id,age,sex,TestCategory,Residence,Affiliation,Undergrad,Campus
1,17,1,3,2,1,1,0
2,17,0,3,2,1,1,0
3,17,1,3,2,1,1,0
4,17,0,3,2,1,1,0
5,18,0,3,0,1,1,0
6,18,1,3,2,1,1,0
7,18,0,3,0,1,1,0
8,17,1,3,2,1,1,0
9,19,0,3,2,1,1,0
10,19,0,3,2,1,1,0
11,17,0,3,2,1,1,0
12,17,0,3,2,1,1,0
13,18,0,3,2,1,1,0
14,18,1,3,2,1,1,0
15,18,0,3,0,1,1,0
16,19,0,3,2,1,1,0
17,19,0,3,2,1,1,0
18,17,0,3,2,1,1,0
19,17,0,3,2,1,1,0
20,19,0,3,0,1,1,0
21,17,1,3,2,1,1,0
22,19,1,3,2,1,1,0
23,17,1,3,0,1,1,0
24,17,1,3,2,1,1,0
25,18,0,3,2,1,1,0
26,19,1,3,2,1,1,0
27,18,0,3,2,1,1,0
28,17,0,3,0,1,1,0
29,18,0,3,2,1,1,0
30,18,0,3,2,1,1,0
31,19,1,3,2,1,1,0
32,19,0,3,2,1,1,0
33,18,1,3,2,1,1,0
34,18,1,3,0,1,1,0
35,18,1,3,2,1,1,0
36,18,0,3,2,1,1,0
37,17,1,3,2,1,1,0
38,17,1,3,0,1,1,0
39,18,0,3,2,1,1,0
40,18,1,3,2,1,1,0
41,19,0,3,2,1,1,0
42,19,0,3,2,1,1,0
43,17,0,3,2,1,1,0
44,17,1,3,0,1,1,0
45,18,0,3,0,1,1,0
46,18,1,3,2,1,1,0
47,18,0,3,2,1,1,0
48,18,0,3,0,1,1,0
49,18,1,3,2,1,1,0
50,19,1,3,0,1,1,0
51,18,0,3,2,1,1,0
52,17,0,3,2,1,1,0
53,18,0,3,2,1,1,0
54,19,1,3,2,1,1,0
55,18,1,3,0,1,1,0
56,18,1,3,2,1,1,0
57,18,1,3,2,1,1,0
58,17,0,3,2,1,1,0
59,17,0,3,2,1,1,0
60,17,0,3,2,1,1,0
61,19,1,3,2,1,1,0
62,17,1,3,2,1,1,0
63,18,1,3,2,1,1,0
64,17,0,3,0,1,1,0
65,17,0,3,2,1,1,0
66,17,0,3,2,1,1,0
67,19,1,3,2,1,1,0
68,19,1,3,0,1,1,0
69,17,1,3,2,1,1,0
70,17,1,3,2,1,1,0
71,18,0,3,2,1,1,0
72,17,0,3,0,1,1,0
73,18,1,3,2,1,1,0
74,18,1,3,2,1,1,0
75,18,0,3,0,1,1,0
76,17,0,3,2,1,1,0
77,18,1,3,2,1,1,0
78,17,0,3,2,1,1,0
79,18,0,3,2,1,1,0
80,19,0,3,0,1,1,0
81,17,0,3,0,1,1,0
82,17,0,3,2,1,1,0
83,19,0,3,2,1,1,0
96,18,0,3,2,1,1,0
85,18,1,3,2,1,1,0
86,19,0,3,0,1,1,0
87,17,0,3,2,1,1,0
88,17,1,3,2,1,1,0
89,18,1,3,0,1,1,0
90,19,0,3,2,1,1,0
91,18,1,3,2,1,1,0
92,17,0,3,2,1,1,0
93,17,0,3,0,1,1,0
94,17,1,3,2,1,1,0
95,17,0,3,2,1,1,0
96,17,0,3,0,1,1,0
97,18,1,3,2,1,1,0
98,19,1,3,2,1,1,0
99,17,1,3,2,1,1,0
100,18,0,3,2,1,1,0
101,17,0,3,2,1,1,0
102,19,0,3,2,1,1,0
103,18,1,3,2,1,1,0
104,17,0,3,0,1,1,0
105,17,1,3,2,1,1,0
106,18,0,3,2,1,1,0
107,17,1,3,2,1,1,0
108,17,0,3,2,1,1,0
109,19,1,3,2,1,1,0
110,18,0,3,2,1,1,0
111,19,0,3,0,1,1,0
112,18,0,3,2,1,1,0
113,18,1,3,0,1,1,0
114,17,1,3,0,1,1,0
115,19,0,3,2,1,1,0
116,17,0,3,0,1,1,0
117,17,0,3,0,1,1,0
118,17,1,3,2,1,1,0
119,19,0,3,2,1,1,0
120,19,0,3,0,1,1,0
121,17,1,3,0,1,1,0
122,18,0,3,2,1,1,0
123,18,0,3,0,1,1,0
124,19,0,3,0,1,1,0
125,18,0,3,2,1,1,0
126,19,1,3,2,1,1,0
127,19,1,3,2,1,1,0
128,18,0,3,0,1,1,0
129,17,1,3,2,1,1,0
130,17,1,3,2,1,1,0
131,18,1,3,2,1,1,0
132,17,1,3,2,1,1,0
133,18,1,3,2,1,1,0
134,19,0,3,0,1,1,0
135,18,1,3,0,1,1,0
136,18,0,3,2,1,1,0
137,18,1,3,0,1,1,0
138,18,1,3,2,1,1,0
139,18,1,3,0,1,1,0
140,19,1,3,2,1,1,0
141,18,1,3,2,1,1,0
142,19,0,3,0,1,1,0
143,18,1,3,2,1,1,0
144,18,0,3,0,1,1,0
145,19,0,3,2,1,1,0
146,18,0,3,2,1,1,0
147,18,0,3,2,1,1,0
148,17,1,3,2,1,1,0
149,17,0,3,2,1,1,0
150,18,0,3,2,1,1,0
151,18,0,3,0,1,1,0
152,17,0,3,0,1,1,0
153,19,0,3,2,1,1,0
154,17,1,3,0,1,1,0
155,18,1,3,2,1,1,0
156,18,0,3,2,1,1,0
157,18,0,3,2,1,1,0
158,18,1,3,2,1,1,0
159,19,1,3,2,1,1,0
160,19,0,3,0,1,1,0
161,18,0,3,0,1,1,0
162,17,0,3,2,1,1,0
163,18,1,3,2,1,1,0
164,17,0,3,0,1,1,0
165,18,1,3,2,1,1,0
166,17,1,3,2,1,1,0
167,17,1,3,2,1,1,0
168,17,0,3,2,1,1,0
169,19,0,3,2,1,1,0
170,18,1,3,2,1,1,0
171,18,0,3,2,1,1,0
172,18,0,3,2,1,1,0
173,17,0,3,0,1,1,0
174,17,0,3,0,1,1,0
175,19,0,3,2,1,1,0
176,18,1,3,2,1,1,0
177,18,0,3,0,1,1,0
178,19,0,3,2,1,1,0
179,19,0,3,2,1,1,0
180,17,1,3,2,1,1,0
181,19,0,3,2,1,1,0
182,18,0,3,2,1,1,0
183,17,1,3,0,1,1,0
196,19,1,3,2,1,1,0
185,19,0,3,2,1,1,0
186,18,0,3,0,1,1,0
187,19,1,3,2,1,1,0
188,17,0,3,2,1,1,0
189,17,0,3,2,1,1,0
190,17,1,3,2,1,1,0
191,18,1,3,0,1,1,0
192,17,0,3,2,1,1,0
193,19,0,3,0,1,1,0
194,18,1,3,0,1,1,0
195,19,0,3,2,1,1,0
196,17,1,3,0,1,1,0
197,17,0,3,2,1,1,0
198,17,1,3,2,1,1,0
199,17,0,3,2,1,1,0
200,17,0,3,0,1,1,0
201,18,0,3,2,1,1,0
202,19,0,3,2,1,1,0
203,19,1,3,2,1,1,0
204,19,0,3,2,1,1,0
205,17,0,3,2,1,1,0
206,17,1,3,2,1,1,0
207,17,1,3,2,1,1,0
208,18,1,3,2,1,1,0
209,19,1,3,2,1,1,0
210,19,0,3,2,1,1,0
211,17,1,3,2,1,1,0
212,19,0,3,2,1,1,0
213,18,1,3,2,1,1,0
214,19,0,3,0,1,1,0
215,18,1,3,2,1,1,0
216,19,0,3,2,1,1,0
217,19,0,3,0,1,1,0
218,17,1,3,2,1,1,0
219,17,0,3,2,1,1,0
220,17,1,3,0,1,1,0
221,19,1,3,0,1,1,0
222,18,1,3,2,1,1,0
223,17,0,3,2,1,1,0
224,19,1,3,2,1,1,0
225,19,0,3,2,1,1,0
226,17,0,3,2,1,1,0
227,17,0,3,2,1,1,0
228,17,1,3,2,1,1,0
229,18,0,3,2,1,1,0
230,17,1,3,2,1,1,0
231,17,0,3,0,1,1,0
232,18,1,3,0,1,1,0
233,19,1,3,2,1,1,0
234,17,0,3,0,1,1,0
235,18,1,3,2,1,1,0
236,18,1,3,2,1,1,0
237,18,1,3,2,1,1,0
238,18,0,3,2,1,1,0
239,19,1,3,2,1,1,0
240,18,1,3,2,1,1,0
241,19,1,3,2,1,1,0
242,18,0,3,2,1,1,0
243,17,0,3,2,1,1,0
244,17,0,3,0,1,1,0
245,19,0,3,0,1,1,0
246,19,0,3,0,1,1,0
247,17,0,3,0,1,1,0
248,18,1,3,0,1,1,0
249,17,1,3,2,1,1,0
250,18,1,3,2,1,1,0
251,17,0,3,0,1,1,0
252,18,0,3,2,1,1,0
253,17,1,3,0,1,1,0
254,19,0,3,2,1,1,0
255,18,1,3,2,1,1,0
256,19,1,3,2,1,1,0
257,18,1,3,2,1,1,0
258,18,0,3,0,1,1,0
259,18,1,3,2,1,1,0
260,19,0,3,0,1,1,0
261,17,0,3,0,1,1,0
262,19,1,3,2,1,1,0
263,17,0,3,2,1,1,0
264,19,0,3,2,1,1,0
265,18,0,3,2,1,1,0
266,17,0,3,2,1,1,0
267,18,1,3,2,1,1,0
268,18,0,3,2,1,1,0
269,18,0,3,2,1,1,0
270,17,1,3,2,1,1,0
271,19,0,3,2,1,1,0
272,18,0,3,2,1,1,0
273,18,0,3,2,1,1,0
274,17,1,3,2,1,1,0
275,19,0,3,2,1,1,0
276,19,1,3,2,1,1,0
277,18,0,3,2,1,1,0
278,19,1,3,0,1,1,0
279,17,1,3,2,1,1,0
280,19,0,3,2,1,1,0
281,19,1,3,2,1,1,0
282,17,1,3,2,1,1,0
283,18,0,3,2,1,1,0
296,18,0,3,2,1,1,0
285,17,0,3,2,1,1,0
286,18,0,3,0,1,1,0
287,19,0,3,0,1,1,0
288,17,0,3,2,1,1,0
289,18,0,3,2,1,1,0
290,19,0,3,0,1,1,0
291,17,0,3,2,1,1,0
292,17,0,3,2,1,1,0
293,18,1,3,2,1,1,0
294,19,0,3,2,1,1,0
295,17,1,3,2,1,1,0
296,18,1,3,2,1,1,0
297,18,0,3,2,1,1,0
298,19,0,3,2,1,1,0
299,19,1,3,2,1,1,0
300,18,0,3,2,1,1,0
301,17,0,3,0,1,1,0
302,19,1,3,2,1,1,0
303,18,0,3,2,1,1,0
304,17,0,3,2,1,1,0
305,17,1,3,0,1,1,0
306,17,0,3,0,1,1,0
307,18,0,3,0,1,1,0
308,19,0,3,2,1,1,0
309,18,0,3,2,1,1,0
310,19,0,3,2,1,1,0
311,18,0,3,2,1,1,0
312,19,1,3,2,1,1,0
313,19,1,3,0,1,1,0
314,17,0,3,2,1,1,0
315,18,1,3,0,1,1,0
316,17,0,3,0,1,1,0
317,19,1,3,2,1,1,0
318,18,0,3,2,1,1,0
319,17,0,3,0,1,1,0
320,19,1,3,2,1,1,0
321,18,0,3,2,1,1,0
322,17,0,3,0,1,1,0
323,17,0,3,2,1,1,0
324,17,0,3,2,1,1,0
325,18,1,3,2,1,1,0
326,18,0,3,2,1,1,0
327,17,0,3,0,1,1,0
328,19,0,3,2,1,1,0
329,17,0,3,0,1,1,0
330,19,1,3,2,1,1,0
331,18,1,3,2,1,1,0
332,19,0,3,2,1,1,0
333,17,1,3,2,1,1,0
334,18,0,3,2,1,1,0
335,18,0,3,2,1,1,0
336,18,1,3,0,1,1,0
337,18,0,3,2,1,1,0
338,19,0,3,0,1,1,0
339,17,0,3,2,1,1,0
340,19,0,3,2,1,1,0
341,17,1,3,2,1,1,0
342,19,1,3,0,1,1,0
343,17,0,3,0,1,1,0
344,18,0,3,2,1,1,0
345,18,0,3,2,1,1,0
346,19,0,3,2,1,1,0
347,19,1,3,2,1,1,0
348,18,0,3,2,1,1,0
349,17,1,3,2,1,1,0
350,18,1,3,2,1,1,0
351,17,1,3,2,1,1,0
352,19,0,3,0,1,1,0
353,19,0,3,2,1,1,0
354,18,1,3,2,1,1,0
355,19,0,3,2,1,1,0
356,19,0,3,2,1,1,0
357,18,0,3,0,1,1,0
358,17,0,3,2,1,1,0
359,18,1,3,0,1,1,0
360,18,0,3,2,1,1,0
361,19,0,3,2,1,1,0
362,17,1,3,0,1,1,0
363,18,0,3,2,1,1,0
364,19,1,3,2,1,1,0
365,18,1,3,2,1,1,0
366,17,0,3,2,1,1,0
367,18,1,3,2,1,1,0
368,18,0,3,2,1,1,0
369,17,0,3,2,1,1,0
370,17,1,3,0,1,1,0
371,18,0,3,2,1,1,0
372,19,0,3,2,1,1,0
373,19,0,3,2,1,1,0
374,18,0,3,2,1,1,0
375,18,0,3,2,1,1,0
376,18,0,3,2,1,1,0
377,17,0,3,2,1,1,0
378,18,0,3,2,1,1,0
379,17,1,3,2,1,1,0
380,19,1,3,0,1,1,0
381,17,0,3,0,1,1,0
382,18,1,3,0,1,1,0
383,18,0,3,2,1,1,0
396,19,0,3,2,1,1,0
385,19,1,3,2,1,1,0
386,18,1,3,0,1,1,0
387,17,0,3,2,1,1,0
388,18,1,3,2,1,1,0
389,18,1,3,0,1,1,0
390,19,1,3,2,1,1,0
391,19,0,3,2,1,1,0
392,17,0,3,2,1,1,0
393,18,1,3,2,1,1,0
394,18,1,3,2,1,1,0
395,17,0,3,2,1,1,0
396,19,0,3,2,1,1,0
397,18,0,3,0,1,1,0
398,19,1,3,2,1,1,0
399,17,1,3,2,1,1,0
400,18,1,3,2,1,1,0
401,18,1,3,2,1,1,0
402,19,0,3,2,1,1,0
403,17,0,3,2,1,1,0
404,17,0,3,2,1,1,0
405,18,0,3,0,1,1,0
406,17,0,3,2,1,1,0
407,18,0,3,2,1,1,0
408,17,0,3,2,1,1,0
409,19,1,3,2,1,1,0
410,17,1,3,2,1,1,0
411,19,0,3,0,1,1,0
412,19,0,3,2,1,1,0
413,17,0,3,0,1,1,0
414,18,1,3,0,1,1,0
415,17,0,3,2,1,1,0
416,19,0,3,0,1,1,0
417,17,1,3,2,1,1,0
418,18,0,3,2,1,1,0
419,18,1,3,2,1,1,0
420,18,0,3,2,1,1,0
421,19,0,3,0,1,1,0
422,17,1,3,2,1,1,0
423,17,0,3,0,1,1,0
424,17,1,3,2,1,1,0
425,19,1,3,2,1,1,0
426,18,0,3,2,1,1,0
427,18,0,3,2,1,1,0
428,19,0,3,2,1,1,0
429,19,0,3,0,1,1,0
430,19,1,3,2,1,1,0
431,18,1,3,2,1,1,0
432,18,0,3,2,1,1,0
433,17,0,3,2,1,1,0
434,19,0,3,2,1,1,0
435,17,1,3,0,1,1,0
436,17,0,3,0,1,1,0
437,18,1,3,2,1,1,0
438,17,1,3,2,1,1,0
439,18,1,3,0,1,1,0
440,19,0,3,0,1,1,0
441,17,0,3,2,1,1,0
442,19,0,3,2,1,1,0
443,18,1,3,2,1,1,0
444,18,1,3,2,1,1,0
445,18,1,3,0,1,1,0
446,19,1,3,0,1,1,0
447,19,1,3,0,1,1,0
448,19,0,3,2,1,1,0
449,18,0,3,2,1,1,0
450,17,1,3,2,1,1,0
451,19,0,3,2,1,1,0
452,18,1,3,0,1,1,0
453,18,0,3,0,1,1,0
454,17,0,3,2,1,1,0
455,19,0,3,2,1,1,0
456,17,1,3,2,1,1,0
457,18,0,3,2,1,1,0
458,19,0,3,2,1,1,0
459,17,1,3,2,1,1,0
460,19,0,3,2,1,1,0
461,18,1,3,2,1,1,0
462,17,0,3,2,1,1,0
463,18,1,3,2,1,1,0
464,18,1,3,2,1,1,0
465,17,0,3,0,1,1,0
466,19,0,3,0,1,1,0
467,17,1,3,2,1,1,0
468,18,1,3,0,1,1,0
469,18,1,3,0,1,1,0
470,18,1,3,0,1,1,0
471,19,0,3,2,1,1,0
472,17,0,3,2,1,1,0
473,19,0,3,2,1,1,0
474,17,1,3,2,1,1,0
475,19,1,3,2,1,1,0
476,18,0,3,2,1,1,0
477,18,1,3,0,1,1,0
478,19,1,3,2,1,1,0
479,17,1,3,2,1,1,0
480,19,0,3,2,1,1,0
481,19,1,3,2,1,1,0
482,19,1,3,2,1,1,0
483,17,1,3,2,1,1,0
496,19,1,3,0,1,1,0
485,19,0,3,2,1,1,0
486,18,0,3,2,1,1,0
487,17,1,3,2,1,1,0
488,18,0,3,0,1,1,0
489,19,0,3,2,1,1,0
490,19,1,3,2,1,1,0
491,17,0,3,2,1,1,0
492,17,1,3,2,1,1,0
493,18,0,3,2,1,1,0
494,19,0,3,0,1,1,0
495,18,0,3,0,1,1,0
496,17,0,3,2,1,1,0
497,18,1,3,2,1,1,0
498,19,0,3,2,1,1,0
499,17,0,3,0,1,1,0
500,19,0,3,2,1,1,0
501,19,1,3,2,1,1,0
502,20,0,3,2,1,1,0
503,19,1,3,2,1,1,0
504,20,1,3,2,1,1,0
505,18,0,3,0,1,1,0
506,18,1,3,2,1,1,0
507,20,1,3,0,1,1,0
508,19,0,3,2,1,1,0
509,20,0,3,0,1,1,0
510,19,1,3,2,1,1,0
511,19,0,3,2,1,1,0
512,18,1,3,2,1,1,0
513,18,0,3,2,1,1,0
514,19,1,3,2,1,1,0
515,19,0,3,2,1,1,0
516,19,0,3,0,1,1,0
517,20,1,3,2,1,1,0
518,19,1,3,2,1,1,0
519,18,0,3,2,1,1,0
520,18,1,3,2,1,1,0
521,19,0,3,2,1,1,0
522,20,1,3,2,1,1,0
523,18,1,3,2,1,1,0
524,18,0,3,2,1,1,0
525,20,0,3,0,1,1,0
526,18,1,3,2,1,1,0
527,19,0,3,2,1,1,0
528,19,0,3,2,1,1,0
529,19,0,3,2,1,1,0
530,18,0,3,2,1,1,0
531,19,1,3,2,1,1,0
532,20,0,3,2,1,1,0
533,18,0,3,2,1,1,0
534,20,1,3,2,1,1,0
535,18,0,3,0,1,1,0
536,18,1,3,2,1,1,0
537,18,1,3,2,1,1,0
538,18,1,3,0,1,1,0
539,20,1,3,2,1,1,0
540,18,0,3,2,1,1,0
541,19,0,3,0,1,1,0
542,19,1,3,2,1,1,0
543,19,0,3,2,1,1,0
544,20,0,3,2,1,1,0
545,18,0,3,2,1,1,0
546,20,0,3,2,1,1,0
547,18,0,3,2,1,1,0
548,19,0,3,0,1,1,0
549,20,0,3,2,1,1,0
550,19,0,3,2,1,1,0
551,20,1,3,0,1,1,0
552,20,1,3,2,1,1,0
553,20,0,3,0,1,1,0
554,18,1,3,2,1,1,0
555,19,1,3,2,1,1,0
556,20,0,3,0,1,1,0
557,20,1,3,2,1,1,0
558,20,0,3,2,1,1,0
559,19,0,3,2,1,1,0
560,20,0,3,2,1,1,0
561,20,0,3,2,1,1,0
562,18,0,3,2,1,1,0
563,20,0,3,2,1,1,0
564,20,1,3,0,1,1,0
565,18,0,3,2,1,1,0
566,20,0,3,2,1,1,0
567,18,1,3,2,1,1,0
568,20,1,3,2,1,1,0
569,19,0,3,2,1,1,0
570,20,0,3,0,1,1,0
571,18,0,3,2,1,1,0
572,18,0,3,0,1,1,0
573,20,0,3,2,1,1,0
574,19,0,3,2,1,1,0
575,20,0,3,2,1,1,0
576,18,1,3,2,1,1,0
577,19,0,3,2,1,1,0
578,20,1,3,2,1,1,0
579,20,1,3,2,1,1,0
580,19,0,3,2,1,1,0
581,19,0,3,2,1,1,0
582,20,1,3,0,1,1,0
583,18,1,3,0,1,1,0
596,20,1,3,2,1,1,0
585,18,0,3,0,1,1,0
586,19,0,3,2,1,1,0
587,19,0,3,2,1,1,0
588,19,0,3,0,1,1,0
589,18,0,3,2,1,1,0
590,18,1,3,0,1,1,0
591,20,1,3,0,1,1,0
592,20,1,3,2,1,1,0
593,20,1,3,2,1,1,0
594,18,0,3,2,1,1,0
595,20,1,3,0,1,1,0
596,18,0,3,2,1,1,0
597,19,1,3,0,1,1,0
598,20,0,3,2,1,1,0
599,18,0,3,2,1,1,0
600,19,1,3,2,1,1,0
601,18,0,3,2,1,1,0
602,19,0,3,2,1,1,0
603,18,1,3,2,1,1,0
604,19,1,3,0,1,1,0
605,20,0,3,2,1,1,0
606,19,0,3,2,1,1,0
607,18,1,3,2,1,1,0
608,19,1,3,0,1,1,0
609,20,0,3,0,1,1,0
610,18,0,3,2,1,1,0
611,19,0,3,2,1,1,0
612,19,1,3,2,1,1,0
613,20,1,3,2,1,1,0
614,19,1,3,2,1,1,0
615,18,1,3,2,1,1,0
616,20,0,3,0,1,1,0
617,19,1,3,0,1,1,0
618,18,0,3,2,1,1,0
619,19,0,3,2,1,1,0
620,18,0,3,2,1,1,0
621,19,0,3,2,1,1,0
622,19,0,3,2,1,1,0
623,19,0,3,2,1,1,0
624,18,0,3,2,1,1,0
625,19,1,3,2,1,1,0
626,20,1,3,2,1,1,0
627,19,1,3,2,1,1,0
628,19,0,3,2,1,1,0
629,19,0,3,0,1,1,0
630,19,0,3,2,1,1,0
631,20,0,3,2,1,1,0
632,18,0,3,0,1,1,0
633,20,1,3,2,1,1,0
634,19,0,3,2,1,1,0
635,20,0,3,0,1,1,0
636,19,0,3,2,1,1,0
637,18,1,3,2,1,1,0
638,20,0,3,2,1,1,0
639,20,0,3,2,1,1,0
640,18,0,3,2,1,1,0
641,19,1,3,0,1,1,0
642,20,1,3,2,1,1,0
643,20,0,3,2,1,1,0
644,19,0,3,0,1,1,0
645,19,1,3,2,1,1,0
646,18,1,3,2,1,1,0
647,19,0,3,2,1,1,0
648,19,0,3,0,1,1,0
649,20,1,3,2,1,1,0
650,18,1,3,2,1,1,0
651,20,0,3,2,1,1,0
652,20,1,3,2,1,1,0
653,20,0,3,2,1,1,0
654,18,1,3,2,1,1,0
655,20,0,3,0,1,1,0
656,19,0,3,0,1,1,0
657,20,0,3,0,1,1,0
658,18,1,3,0,1,1,0
659,20,0,3,2,1,1,0
660,20,0,3,2,1,1,0
661,20,1,3,2,1,1,0
662,18,0,3,0,1,1,0
663,19,1,3,2,1,1,0
664,20,0,3,2,1,1,0
665,18,0,3,0,1,1,0
666,18,1,3,2,1,1,0
667,20,0,3,2,1,1,0
668,18,0,3,2,1,1,0
669,18,0,3,2,1,1,0
670,18,0,3,2,1,1,0
671,19,1,3,2,1,1,0
672,20,1,3,0,1,1,0
673,18,1,3,2,1,1,0
674,19,1,3,2,1,1,0
675,18,0,3,2,1,1,0
676,18,1,3,2,1,1,0
677,20,0,3,2,1,1,0
678,19,1,3,2,1,1,0
679,18,0,3,2,1,1,0
680,19,1,3,2,1,1,0
681,20,1,3,0,1,1,0
682,18,1,3,2,1,1,0
683,20,0,3,2,1,1,0
696,19,0,3,2,1,1,0
685,19,0,3,2,1,1,0
686,20,0,3,0,1,1,0
687,18,1,3,2,1,1,0
688,18,1,3,2,1,1,0
689,19,0,3,2,1,1,0
690,20,1,3,2,1,1,0
691,19,0,3,2,1,1,0
692,18,0,3,2,1,1,0
693,20,0,3,0,1,1,0
694,20,1,3,2,1,1,0
695,18,0,3,2,1,1,0
696,19,0,3,2,1,1,0
697,20,1,3,2,1,1,0
698,18,0,3,2,1,1,0
699,18,0,3,2,1,1,0
700,19,0,3,2,1,1,0
701,18,1,3,2,1,1,0
702,20,0,3,2,1,1,0
703,19,1,3,2,1,1,0
704,20,0,3,2,1,1,0
705,18,0,3,2,1,1,0
706,19,0,3,2,1,1,0
707,19,1,3,2,1,1,0
708,19,0,3,2,1,1,0
709,19,0,3,2,1,1,0
710,18,0,3,2,1,1,0
711,20,1,3,0,1,1,0
712,19,0,3,2,1,1,0
713,20,1,3,2,1,1,0
714,20,1,3,2,1,1,0
715,18,1,3,2,1,1,0
716,19,0,3,2,1,1,0
717,19,0,3,0,1,1,0
718,20,1,3,2,1,1,0
719,18,0,3,2,1,1,0
720,19,0,3,2,1,1,0
721,20,0,3,2,1,1,0
722,18,0,3,2,1,1,0
723,18,0,3,2,1,1,0
724,20,1,3,2,1,1,0
725,19,0,3,2,1,1,0
726,19,1,3,2,1,1,0
727,18,1,3,2,1,1,0
728,20,0,3,2,1,1,0
729,19,0,3,2,1,1,0
730,19,1,3,2,1,1,0
731,18,1,3,0,1,1,0
732,20,0,3,2,1,1,0
733,20,1,3,2,1,1,0
734,18,0,3,2,1,1,0
735,19,1,3,2,1,1,0
736,20,0,3,0,1,1,0
737,20,1,3,0,1,1,0
738,18,0,3,2,1,1,0
739,20,0,3,2,1,1,0
740,18,1,3,2,1,1,0
741,18,0,3,2,1,1,0
742,20,0,3,0,1,1,0
743,19,0,3,2,1,1,0
744,18,0,3,2,1,1,0
745,20,0,3,0,1,1,0
746,19,0,3,2,1,1,0
747,19,0,3,2,1,1,0
748,19,1,3,2,1,1,0
749,18,0,3,2,1,1,0
750,18,1,3,2,1,1,0
751,19,1,3,2,1,1,0
752,18,0,3,2,1,1,0
753,20,0,3,2,1,1,0
754,19,0,3,2,1,1,0
755,20,0,3,2,1,1,0
756,20,1,3,2,1,1,0
757,19,0,3,2,1,1,0
758,19,0,3,2,1,1,0
759,20,0,3,2,1,1,0
760,20,0,3,2,1,1,0
761,18,1,3,2,1,1,0
762,19,0,3,2,1,1,0
763,18,1,3,2,1,1,0
764,18,0,3,2,1,1,0
765,20,0,3,2,1,1,0
766,19,0,3,2,1,1,0
767,18,0,3,2,1,1,0
768,20,0,3,2,1,1,0
769,20,0,3,0,1,1,0
770,18,0,3,2,1,1,0
771,20,0,3,2,1,1,0
772,18,0,3,0,1,1,0
773,20,0,3,2,1,1,0
774,18,0,3,2,1,1,0
775,20,1,3,0,1,1,0
776,20,0,3,2,1,1,0
777,19,0,3,0,1,1,0
778,18,0,3,2,1,1,0
779,19,0,3,0,1,1,0
780,18,1,3,2,1,1,0
781,19,1,3,2,1,1,0
782,19,0,3,0,1,1,0
783,19,1,3,2,1,1,0
796,19,1,3,2,1,1,0
785,19,0,3,2,1,1,0
786,20,0,3,2,1,1,0
787,19,0,3,2,1,1,0
788,18,1,3,2,1,1,0
789,19,1,3,2,1,1,0
790,20,0,3,2,1,1,0
791,18,0,3,2,1,1,0
792,20,1,3,0,1,1,0
793,19,1,3,0,1,1,0
794,20,0,3,0,1,1,0
795,19,0,3,2,1,1,0
796,18,1,3,2,1,1,0
797,19,1,3,0,1,1,0
798,18,1,3,2,1,1,0
799,18,0,3,2,1,1,0
800,18,0,3,0,1,1,0
801,19,0,3,2,1,1,0
802,18,0,3,2,1,1,0
803,19,0,3,2,1,1,0
804,19,1,3,2,1,1,0
805,20,1,3,2,1,1,0
806,19,1,3,0,1,1,0
807,18,0,3,0,1,1,0
808,20,1,3,2,1,1,0
809,18,0,3,2,1,1,0
810,19,0,3,0,1,1,0
811,20,1,3,2,1,1,0
812,20,0,3,2,1,1,0
813,20,0,3,2,1,1,0
814,18,1,3,2,1,1,0
815,18,0,3,0,1,1,0
816,19,0,3,2,1,1,0
817,18,0,3,0,1,1,0
818,20,1,3,2,1,1,0
819,20,0,3,2,1,1,0
820,18,1,3,2,1,1,0
821,20,1,3,2,1,1,0
822,20,0,3,2,1,1,0
823,19,0,3,2,1,1,0
824,18,1,3,2,1,1,0
825,20,1,3,2,1,1,0
826,20,1,3,2,1,1,0
827,20,0,3,2,1,1,0
828,18,0,3,2,1,1,0
829,18,0,3,2,1,1,0
830,20,0,3,0,1,1,0
831,20,0,3,2,1,1,0
832,20,0,3,2,1,1,0
833,20,1,3,2,1,1,0
834,18,1,3,0,1,1,0
835,20,1,3,2,1,1,0
836,19,1,3,2,1,1,0
837,19,0,3,2,1,1,0
838,18,0,3,0,1,1,0
839,18,0,3,0,1,1,0
960,18,0,3,2,1,1,0
961,19,0,3,0,1,1,0
962,18,0,3,2,1,1,0
963,19,0,3,2,1,1,0
964,19,1,3,2,1,1,0
965,18,1,3,0,1,1,0
966,20,1,3,2,1,1,0
967,19,1,3,2,1,1,0
968,18,0,3,2,1,1,0
969,20,0,3,2,1,1,0
850,19,1,3,2,1,1,0
851,18,1,3,2,1,1,0
852,20,1,3,2,1,1,0
853,19,0,3,0,1,1,0
854,20,1,3,2,1,1,0
855,19,1,3,2,1,1,0
856,18,0,3,2,1,1,0
857,18,0,3,0,1,1,0
858,20,0,3,0,1,1,0
859,19,0,3,2,1,1,0
860,20,1,3,2,1,1,0
861,19,1,3,2,1,1,0
862,19,0,3,2,1,1,0
863,18,1,3,2,1,1,0
864,19,0,3,2,1,1,0
865,20,1,3,0,1,1,0
866,20,1,3,2,1,1,0
867,20,0,3,0,1,1,0
868,18,0,3,2,1,1,0
869,20,1,3,2,1,1,0
870,19,0,3,2,1,1,0
871,19,0,3,0,1,1,0
872,20,1,3,2,1,1,0
873,20,1,3,2,1,1,0
874,18,0,3,2,1,1,0
875,18,1,3,2,1,1,0
876,18,0,3,2,1,1,0
877,19,1,3,2,1,1,0
878,18,1,3,0,1,1,0
879,20,0,3,0,1,1,0
880,18,1,3,2,1,1,0
881,20,0,3,2,1,1,0
882,18,1,3,0,1,1,0
883,18,0,3,2,1,1,0
896,19,0,3,2,1,1,0
885,20,1,3,2,1,1,0
886,19,0,3,2,1,1,0
887,18,0,3,2,1,1,0
888,20,1,3,0,1,1,0
889,19,0,3,0,1,1,0
890,18,1,3,2,1,1,0
891,18,0,3,0,1,1,0
892,20,0,3,0,1,1,0
893,20,1,3,2,1,1,0
894,19,0,3,0,1,1,0
895,19,1,3,2,1,1,0
896,19,0,3,2,1,1,0
897,19,0,3,0,1,1,0
898,20,1,3,2,1,1,0
899,19,0,3,2,1,1,0
900,18,1,3,2,1,1,0
901,18,0,3,0,1,1,0
902,19,0,3,0,1,1,0
903,20,0,3,2,1,1,0
904,20,0,3,2,1,1,0
905,20,1,3,2,1,1,0
906,20,0,3,2,1,1,0
907,19,0,3,2,1,1,0
908,18,0,3,2,1,1,0
909,19,0,3,0,1,1,0
910,20,1,3,2,1,1,0
911,20,0,3,0,1,1,0
912,19,0,3,2,1,1,0
913,18,1,3,2,1,1,0
914,19,1,3,2,1,1,0
915,18,0,3,2,1,1,0
916,20,0,3,2,1,1,0
917,19,0,3,2,1,1,0
918,19,0,3,2,1,1,0
919,19,1,3,2,1,1,0
920,20,0,3,2,1,1,0
921,20,0,3,2,1,1,0
922,19,1,3,2,1,1,0
923,18,0,3,2,1,1,0
924,20,1,3,2,1,1,0
925,19,0,3,2,1,1,0
926,19,0,3,0,1,1,0
927,19,1,3,2,1,1,0
928,19,0,3,2,1,1,0
929,18,0,3,2,1,1,0
930,19,0,3,2,1,1,0
931,18,0,3,2,1,1,0
932,18,0,3,2,1,1,0
933,18,1,3,2,1,1,0
934,19,1,3,2,1,1,0
935,19,0,3,2,1,1,0
936,20,1,3,0,1,1,0
937,19,0,3,2,1,1,0
938,19,0,3,2,1,1,0
939,18,0,3,2,1,1,0
940,19,0,3,2,1,1,0
941,18,0,3,2,1,1,0
942,20,1,3,2,1,1,0
943,20,0,3,2,1,1,0
944,18,0,3,2,1,1,0
945,19,0,3,2,1,1,0
946,18,0,3,2,1,1,0
947,20,1,3,2,1,1,0
948,18,0,3,2,1,1,0
949,20,1,3,0,1,1,0
950,19,0,3,2,1,1,0
951,18,1,3,2,1,1,0
952,19,0,3,2,1,1,0
953,19,1,3,2,1,1,0
954,20,1,3,2,1,1,0
955,19,0,3,2,1,1,0
956,18,0,3,2,1,1,0
957,20,0,3,2,1,1,0
958,18,0,3,0,1,1,0
959,19,1,3,2,1,1,0
960,19,1,3,2,1,1,0
961,20,0,3,2,1,1,0
962,20,0,3,2,1,1,0
963,18,0,3,2,1,1,0
964,18,0,3,0,1,1,0
965,20,0,3,2,1,1,0
966,20,0,3,2,1,1,0
967,19,0,3,2,1,1,0
968,19,0,3,2,1,1,0
969,20,0,3,2,1,1,0
970,19,1,3,0,1,1,0
971,19,0,3,2,1,1,0
972,18,0,3,0,1,1,0
973,18,0,3,2,1,1,0
974,18,0,3,0,1,1,0
975,19,0,3,2,1,1,0
976,18,0,3,0,1,1,0
977,19,0,3,0,1,1,0
978,18,0,3,2,1,1,0
979,20,0,3,0,1,1,0
980,20,0,3,2,1,1,0
981,19,1,3,2,1,1,0
982,18,1,3,2,1,1,0
983,20,1,3,2,1,1,0
996,19,0,3,2,1,1,0
985,18,0,3,2,1,1,0
986,20,0,3,2,1,1,0
987,18,0,3,2,1,1,0
988,20,0,3,2,1,1,0
989,18,0,3,2,1,1,0
990,18,0,3,0,1,1,0
991,18,0,3,0,1,1,0
992,19,0,3,2,1,1,0
993,20,0,3,0,1,1,0
994,19,0,3,2,1,1,0
995,19,0,3,2,1,1,0
996,18,1,3,2,1,1,0
997,19,1,3,2,1,1,0
998,19,1,3,2,1,1,0
999,19,1,3,2,1,1,0
1000,20,0,3,0,1,1,0
1001,21,0,3,2,1,1,0
1002,21,0,3,2,1,1,0
1003,20,0,3,2,1,1,0
1004,21,0,3,0,1,1,0
1005,20,0,3,2,1,1,0
1006,20,1,3,2,1,1,0
1007,19,1,3,2,1,1,0
1008,19,0,3,2,1,1,0
1009,20,0,3,2,1,1,0
1010,20,0,3,2,1,1,0
1011,21,0,3,2,1,1,0
1012,21,0,3,0,1,1,0
1013,20,1,3,2,1,1,0
1014,19,1,3,2,1,1,0
1015,19,0,3,2,1,1,0
1016,20,1,3,0,1,1,0
1017,21,0,3,2,1,1,0
1018,21,0,3,2,1,1,0
1019,21,0,3,0,1,1,0
1020,20,1,3,2,1,1,0
1021,21,1,3,2,1,1,0
1022,21,1,3,2,1,1,0
1023,19,1,3,2,1,1,0
1024,21,0,3,0,1,1,0
1025,19,0,3,2,1,1,0
1026,20,0,3,2,1,1,0
1027,19,0,3,2,1,1,0
1028,21,0,3,2,1,1,0
1029,19,1,3,2,1,1,0
1030,21,1,3,2,1,1,0
1031,20,0,3,0,1,1,0
1032,20,0,3,2,1,1,0
1033,19,1,3,2,1,1,0
1034,19,0,3,2,1,1,0
1035,21,1,3,2,1,1,0
1036,20,0,3,2,1,1,0
1037,20,1,3,2,1,1,0
1038,21,1,3,2,1,1,0
1039,20,1,3,0,1,1,0
1040,21,1,3,2,1,1,0
1041,19,0,3,2,1,1,0
1042,21,0,3,0,1,1,0
1043,20,0,3,2,1,1,0
1044,20,0,3,2,1,1,0
1045,19,0,3,0,1,1,0
1046,19,1,3,2,1,1,0
1047,19,1,3,2,1,1,0
1048,19,0,3,0,1,1,0
1049,19,1,3,2,1,1,0
1050,20,0,3,2,1,1,0
1051,21,1,3,2,1,1,0
1052,19,1,3,0,1,1,0
1053,21,0,3,0,1,1,0
1054,19,1,3,2,1,1,0
1055,21,0,3,0,1,1,0
1056,20,0,3,2,1,1,0
1057,21,0,3,2,1,1,0
1058,19,0,3,2,1,1,0
1059,21,0,3,2,1,1,0
1060,19,1,3,0,1,1,0
1061,19,0,3,2,1,1,0
1062,21,1,3,2,1,1,0
1063,21,1,3,0,1,1,0
1064,21,0,3,2,1,1,0
1065,19,0,3,2,1,1,0
1066,21,0,3,0,1,1,0
1067,20,1,3,2,1,1,0
1068,21,0,3,0,1,1,0
1069,20,0,3,2,1,1,0
1070,19,0,3,2,1,1,0
1071,20,0,3,2,1,1,0
1072,19,1,3,0,1,1,0
1073,21,1,3,2,1,1,0
1074,19,0,3,0,1,1,0
1075,21,0,3,2,1,1,0
1076,21,1,3,2,1,1,0
1077,21,1,3,2,1,1,0
1078,19,1,3,2,1,1,0
1079,19,0,3,2,1,1,0
1080,20,0,3,2,1,1,0
1081,19,0,3,2,1,1,0
1082,21,0,3,0,1,1,0
1083,20,0,3,2,1,1,0
1096,20,1,3,2,1,1,0
1085,19,0,3,2,1,1,0
1086,19,1,3,0,1,1,0
1087,21,0,3,2,1,1,0
1088,21,0,3,0,1,1,0
1089,19,0,3,2,1,1,0
1090,20,0,3,2,1,1,0
1091,20,0,3,2,1,1,0
1092,21,0,3,2,1,1,0
1093,19,0,3,2,1,1,0
1094,19,0,3,2,1,1,0
1095,20,0,3,0,1,1,0
1096,19,0,3,0,1,1,0
1097,21,0,3,2,1,1,0
1098,19,1,3,2,1,1,0
1099,20,1,3,0,1,1,0
1100,19,0,3,2,1,1,0
1101,21,0,3,0,1,1,0
1102,20,0,3,0,1,1,0
1103,19,1,3,0,1,1,0
1104,19,1,3,2,1,1,0
1105,21,0,3,2,1,1,0
1106,21,0,3,2,1,1,0
1107,20,1,3,2,1,1,0
1108,21,0,3,2,1,1,0
1109,21,0,3,2,1,1,0
1110,19,0,3,2,1,1,0
1111,21,0,3,2,1,1,0
1112,20,1,3,2,1,1,0
1113,20,1,3,0,1,1,0
1114,20,0,3,2,1,1,0
1115,21,0,3,2,1,1,0
1116,20,1,3,2,1,1,0
1117,19,0,3,0,1,1,0
1118,20,0,3,2,1,1,0
1119,20,0,3,0,1,1,0
1120,21,0,3,0,1,1,0
1121,19,0,3,2,1,1,0
1122,19,1,3,2,1,1,0
1123,20,1,3,2,1,1,0
1124,19,0,3,0,1,1,0
1125,20,0,3,0,1,1,0
1126,20,0,3,2,1,1,0
1127,19,1,3,2,1,1,0
1128,21,0,3,2,1,1,0
1129,19,1,3,2,1,1,0
1130,21,0,3,2,1,1,0
1131,19,0,3,2,1,1,0
1132,19,1,3,2,1,1,0
1133,19,0,3,2,1,1,0
1134,19,0,3,2,1,1,0
1135,19,1,3,2,1,1,0
1136,21,0,3,2,1,1,0
1137,19,0,3,2,1,1,0
1138,19,0,3,2,1,1,0
1139,19,0,3,2,1,1,0
1140,20,0,3,2,1,1,0
1141,21,0,3,2,1,1,0
1142,19,1,3,2,1,1,0
1143,21,0,3,2,1,1,0
1144,19,0,3,2,1,1,0
1145,21,1,3,2,1,1,0
1146,21,0,3,0,1,1,0
1147,21,0,3,2,1,1,0
1148,21,0,3,2,1,1,0
1149,20,0,3,0,1,1,0
1150,19,0,3,0,1,1,0
1151,20,0,3,2,1,1,0
1152,20,1,3,2,1,1,0
1153,20,0,3,0,1,1,0
1154,21,0,3,0,1,1,0
1155,20,0,3,0,1,1,0
1156,20,0,3,0,1,1,0
1157,20,1,3,2,1,1,0
1158,20,0,3,2,1,1,0
1159,20,0,3,2,1,1,0
1160,20,0,3,2,1,1,0
1161,19,0,3,2,1,1,0
1162,20,0,3,2,1,1,0
1163,21,0,3,2,1,1,0
1164,20,1,3,2,1,1,0
1165,19,0,3,2,1,1,0
1166,20,0,3,2,1,1,0
1167,20,1,3,0,1,1,0
1168,19,1,3,2,1,1,0
1169,21,1,3,2,1,1,0
1170,21,0,3,2,1,1,0
1171,20,1,3,0,1,1,0
1172,21,0,3,2,1,1,0
1173,20,0,3,2,1,1,0
1174,20,0,3,2,1,1,0
1175,21,0,3,0,1,1,0
1176,19,0,3,2,1,1,0
1177,19,1,3,2,1,1,0
1178,19,0,3,2,1,1,0
1179,21,1,3,0,1,1,0
1180,20,0,3,2,1,1,0
1181,20,1,3,2,1,1,0
1182,20,1,3,2,1,1,0
1183,21,0,3,0,1,1,0
1196,19,1,3,2,1,1,0
1185,20,1,3,2,1,1,0
1186,20,1,3,2,1,1,0
1187,21,0,3,0,1,1,0
1188,19,1,3,0,1,1,0
1189,20,1,3,0,1,1,0
1190,20,1,3,0,1,1,0
1191,20,0,3,2,1,1,0
1192,21,1,3,2,1,1,0
1193,21,0,3,2,1,1,0
1194,21,0,3,2,1,1,0
1195,19,0,3,2,1,1,0
1196,21,1,3,0,1,1,0
1197,21,0,3,0,1,1,0
1198,20,0,3,2,1,1,0
1199,20,0,3,0,1,1,0
1200,19,1,3,2,1,1,0
1201,21,1,3,2,1,1,0
1202,21,0,3,2,1,1,0
1203,21,1,3,0,1,1,0
1204,21,0,3,2,1,1,0
1205,20,0,3,2,1,1,0
1206,20,1,3,2,1,1,0
1207,21,1,3,2,1,1,0
1208,21,0,3,2,1,1,0
1209,21,0,3,2,1,1,0
1210,20,1,3,0,1,1,0
1211,19,0,3,2,1,1,0
1212,19,1,3,2,1,1,0
1213,19,1,3,2,1,1,0
1214,20,1,3,0,1,1,0
1215,19,0,3,2,1,1,0
1216,20,0,3,2,1,1,0
1217,21,1,3,2,1,1,0
1218,21,0,3,2,1,1,0
1219,20,1,3,2,1,1,0
1220,20,1,3,0,1,1,0
1221,20,0,3,2,1,1,0
1222,20,0,3,2,1,1,0
1223,20,0,3,0,1,1,0
1224,21,1,3,0,1,1,0
1225,19,1,3,2,1,1,0
1226,21,1,3,2,1,1,0
1227,20,1,3,2,1,1,0
1228,20,1,3,2,1,1,0
1229,19,0,3,2,1,1,0
1230,21,0,3,0,1,1,0
1231,19,1,3,2,1,1,0
1232,19,0,3,2,1,1,0
1233,20,0,3,0,1,1,0
1234,20,1,3,2,1,1,0
1235,21,0,3,2,1,1,0
1236,20,1,3,2,1,1,0
1237,21,0,3,2,1,1,0
1238,20,0,3,2,1,1,0
1239,20,1,3,2,1,1,0
1240,19,0,3,0,1,1,0
1241,19,1,3,2,1,1,0
1242,19,0,3,2,1,1,0
1243,21,0,3,0,1,1,0
1244,20,0,3,2,1,1,0
1245,20,1,3,0,1,1,0
1246,19,0,3,0,1,1,0
1247,19,0,3,2,1,1,0
1248,20,1,3,2,1,1,0
1249,20,1,3,2,1,1,0
1250,21,1,3,2,1,1,0
1251,19,0,3,2,1,1,0
1252,19,0,3,2,1,1,0
1253,19,0,3,2,1,1,0
1254,21,0,3,2,1,1,0
1255,19,1,3,2,1,1,0
1256,19,0,3,2,1,1,0
1257,21,0,3,0,1,1,0
1258,20,0,3,2,1,1,0
1259,21,0,3,2,1,1,0
1260,19,0,3,2,1,1,0
1261,20,1,3,0,1,1,0
1262,19,0,3,2,1,1,0
1263,21,1,3,2,1,1,0
1264,20,1,3,0,1,1,0
1265,21,0,3,0,1,1,0
1266,19,0,3,0,1,1,0
1267,20,1,3,0,1,1,0
1268,20,0,3,2,1,1,0
1269,19,0,3,2,1,1,0
1270,19,0,3,0,1,1,0
1271,20,0,3,2,1,1,0
1272,20,0,3,2,1,1,0
1273,21,0,3,2,1,1,0
1274,19,0,3,2,1,1,0
1275,21,0,3,2,1,1,0
1276,20,0,3,2,1,1,0
1277,19,0,3,2,1,1,0
1278,20,0,3,2,1,1,0
1279,19,1,3,2,1,1,0
1280,19,1,3,2,1,1,0
1281,21,0,3,2,1,1,0
1282,20,1,3,2,1,1,0
1283,21,0,3,2,1,1,0
1296,21,0,3,0,1,1,0
1285,21,1,3,2,1,1,0
1286,20,1,3,2,1,1,0
1287,21,0,3,2,1,1,0
1288,20,1,3,2,1,1,0
1289,21,0,3,2,1,1,0
1290,21,1,3,2,1,1,0
1291,21,1,3,2,1,1,0
1292,21,0,3,2,1,1,0
1293,19,0,3,2,1,1,0
1294,21,1,3,2,1,1,0
1295,21,1,3,2,1,1,0
1296,19,1,3,2,1,1,0
1297,21,1,3,2,1,1,0
1298,20,0,3,0,1,1,0
1299,19,1,3,0,1,1,0
1300,19,0,3,2,1,1,0
1301,21,0,3,2,1,1,0
1302,21,0,3,2,1,1,0
1303,20,1,3,2,1,1,0
1304,19,1,3,2,1,1,0
1305,20,0,3,2,1,1,0
1306,19,0,3,2,1,1,0
1307,21,0,3,2,1,1,0
1308,19,1,3,2,1,1,0
1309,20,1,3,2,1,1,0
1310,21,1,3,2,1,1,0
1311,21,1,3,2,1,1,0
1312,19,0,3,2,1,1,0
1313,21,0,3,0,1,1,0
1314,20,0,3,2,1,1,0
1315,20,0,3,0,1,1,0
1316,19,1,3,2,1,1,0
1317,20,0,3,0,1,1,0
1318,19,1,3,0,1,1,0
1319,19,1,3,2,1,1,0
1320,20,0,3,2,1,1,0
1321,20,0,3,2,1,1,0
1322,21,0,3,2,1,1,0
1323,19,0,3,2,1,1,0
1324,21,0,3,2,1,1,0
1325,20,1,3,2,1,1,0
1326,19,1,3,2,1,1,0
1327,20,0,3,2,1,1,0
1328,19,1,3,0,1,1,0
1329,19,1,3,0,1,1,0
1330,19,1,3,2,1,1,0
1331,21,0,3,0,1,1,0
1332,21,1,3,2,1,1,0
1333,21,0,3,2,1,1,0
1334,19,0,3,2,1,1,0
1335,19,0,3,0,1,1,0
1336,19,0,3,2,1,1,0
1337,19,0,3,2,1,1,0
1338,19,0,3,2,1,1,0
1339,20,1,3,2,1,1,0
1340,21,0,3,2,1,1,0
1341,21,0,3,2,1,1,0
1342,19,1,3,0,1,1,0
1343,19,0,3,0,1,1,0
1344,21,0,3,2,1,1,0
1345,21,0,3,2,1,1,0
1346,20,1,3,0,1,1,0
1347,21,0,3,0,1,1,0
1348,21,1,3,2,1,1,0
1349,21,0,3,2,1,1,0
1350,20,0,3,2,1,1,0
1351,19,0,3,0,1,1,0
1352,19,0,3,2,1,1,0
1353,20,0,3,2,1,1,0
1354,19,0,3,2,1,1,0
1355,21,0,3,2,1,1,0
1356,19,0,3,2,1,1,0
1357,19,0,3,0,1,1,0
1358,21,0,3,0,1,1,0
1359,21,1,3,2,1,1,0
1360,21,1,3,0,1,1,0
1361,21,0,3,2,1,1,0
1362,19,0,3,2,1,1,0
1363,21,0,3,2,1,1,0
1364,19,1,3,2,1,1,0
1365,19,1,3,2,1,1,0
1366,19,1,3,2,1,1,0
1367,20,1,3,2,1,1,0
1368,20,1,3,0,1,1,0
1369,21,0,3,2,1,1,0
1370,21,0,3,2,1,1,0
1371,20,1,3,2,1,1,0
1372,19,0,3,2,1,1,0
1373,21,0,3,2,1,1,0
1374,20,1,3,0,1,1,0
1375,20,0,3,2,1,1,0
1376,21,1,3,0,1,1,0
1377,20,0,3,2,1,1,0
1378,20,0,3,2,1,1,0
1379,21,0,3,2,1,1,0
1380,21,0,3,0,1,1,0
1381,21,0,3,2,1,1,0
1382,21,1,3,2,1,1,0
1383,21,0,3,0,1,1,0
1396,21,0,3,2,1,1,0
1385,20,1,3,2,1,1,0
1386,20,1,3,2,1,1,0
1387,20,1,3,2,1,1,0
1388,21,0,3,0,1,1,0
1389,21,0,3,2,1,1,0
1390,20,1,3,2,1,1,0
1391,21,1,3,2,1,1,0
1392,19,0,3,2,1,1,0
1393,20,0,3,2,1,1,0
1394,20,0,3,2,1,1,0
1395,20,1,3,2,1,1,0
1396,21,1,3,2,1,1,0
1397,19,1,3,2,1,1,0
1398,19,0,3,0,1,1,0
1399,19,0,3,2,1,1,0
1400,20,1,3,0,1,1,0
1401,20,0,3,2,1,1,0
1402,21,1,3,2,1,1,0
1403,21,0,3,2,1,1,0
1404,19,0,3,2,1,1,0
1405,19,0,3,2,1,1,0
1406,21,1,3,2,1,1,0
1407,20,1,3,2,1,1,0
1408,19,1,3,0,1,1,0
1409,21,1,3,2,1,1,0
1410,21,0,3,0,1,1,0
1411,21,0,3,2,1,1,0
1412,21,1,3,0,1,1,0
1413,21,1,3,0,1,1,0
1414,19,0,3,2,1,1,0
1415,21,0,3,0,1,1,0
1416,21,1,3,2,1,1,0
1417,21,0,3,2,1,1,0
1418,20,0,3,2,1,1,0
1419,20,1,3,0,1,1,0
1420,19,0,3,2,1,1,0
1421,20,1,3,2,1,1,0
1422,20,0,3,0,1,1,0
1423,20,0,3,2,1,1,0
1424,19,1,3,2,1,1,0
1425,19,1,3,2,1,1,0
1426,21,1,3,2,1,1,0
1427,21,0,3,2,1,1,0
1428,20,1,3,2,1,1,0
1429,21,0,3,2,1,1,0
1430,19,0,3,2,1,1,0
1431,21,1,3,2,1,1,0
1432,20,1,3,2,1,1,0
1433,21,0,3,2,1,1,0
1434,21,1,3,2,1,1,0
1435,19,0,3,2,1,1,0
1436,19,0,3,2,1,1,0
1437,21,0,3,2,1,1,0
1438,19,1,3,0,1,1,0
1439,20,0,3,2,1,1,0
1440,21,1,3,2,1,1,0
1441,21,1,3,2,1,1,0
1442,20,0,3,2,1,1,0
1443,19,0,3,2,1,1,0
1444,21,0,3,2,1,1,0
1445,20,0,3,2,1,1,0
1446,21,0,3,2,1,1,0
1447,21,1,3,2,1,1,0
1448,20,1,3,0,1,1,0
1449,20,0,3,2,1,1,0
1450,20,0,3,2,1,1,0
1451,20,0,3,2,1,1,0
1452,21,0,3,2,1,1,0
1453,21,1,3,2,1,1,0
1454,19,1,3,2,1,1,0
1455,20,0,3,2,1,1,0
1456,21,1,3,0,1,1,0
1457,19,0,3,2,1,1,0
1458,20,0,3,2,1,1,0
1459,20,0,3,2,1,1,0
1460,19,1,3,2,1,1,0
1461,19,0,3,0,1,1,0
1462,19,0,3,2,1,1,0
1463,21,0,3,2,1,1,0
1464,19,0,3,2,1,1,0
1465,20,0,3,2,1,1,0
1466,19,1,3,2,1,1,0
1467,19,0,3,2,1,1,0
1468,20,0,3,2,1,1,0
1469,19,1,3,0,1,1,0
1470,20,0,3,2,1,1,0
1471,21,0,3,2,1,1,0
1472,19,0,3,2,1,1,0
1473,21,1,3,2,1,1,0
1474,19,0,3,0,1,1,0
1475,20,0,3,2,1,1,0
1476,21,0,3,0,1,1,0
1477,21,1,3,2,1,1,0
1478,19,0,3,0,1,1,0
1479,21,1,3,0,1,1,0
1480,21,1,3,2,1,1,0
1481,20,0,3,0,1,1,0
1482,21,0,3,2,1,1,0
1483,19,0,3,2,1,1,0
1496,19,0,3,2,1,1,0
1485,21,0,3,0,1,1,0
1486,19,0,3,0,1,1,0
1487,19,0,3,2,1,1,0
1488,19,0,3,2,1,1,0
1489,20,1,3,2,1,1,0
1490,19,0,3,0,1,1,0
1491,21,0,3,2,1,1,0
1492,20,1,3,0,1,1,0
1493,21,1,3,2,1,1,0
1494,20,0,3,0,1,1,0
1495,20,1,3,0,1,1,0
1496,21,1,3,2,1,1,0
1497,19,0,3,0,1,1,0
1498,21,1,3,2,1,1,0
1499,20,0,3,2,1,1,0
1500,19,0,3,2,1,1,0
1501,23,1,3,0,1,1,0
1502,21,0,3,2,1,1,0
1503,23,0,3,2,1,1,0
1504,23,0,3,2,1,1,0
1505,21,1,3,0,1,1,0
1506,21,1,3,2,1,1,0
1507,24,1,3,2,1,1,0
1508,22,0,3,2,1,1,0
1509,21,1,3,0,1,1,0
1510,23,0,3,2,1,1,0
1511,23,0,3,2,1,1,0
1512,21,0,3,2,1,1,0
1513,23,1,3,2,1,1,0
1514,21,1,3,0,1,1,0
1515,23,1,3,2,1,1,0
1516,23,0,3,2,1,1,0
1517,22,1,3,2,1,1,0
1518,24,1,3,2,1,1,0
1519,23,1,3,2,1,1,0
1520,23,1,3,0,1,1,0
1521,24,1,3,2,1,1,0
1522,21,0,3,2,1,1,0
1523,21,1,3,2,1,1,0
1524,21,0,3,0,1,1,0
1525,21,1,3,2,1,1,0
1526,22,0,3,0,1,1,0
1527,24,0,3,0,1,1,0
1528,21,0,3,2,1,1,0
1529,21,1,3,0,1,1,0
1530,23,1,3,2,1,1,0
1531,24,1,3,0,1,1,0
1532,23,0,3,2,1,1,0
1533,24,0,3,2,1,1,0
1534,23,0,3,2,1,1,0
1535,21,1,3,2,1,1,0
1536,21,0,3,2,1,1,0
1537,23,0,3,2,1,1,0
1538,24,1,3,2,1,1,0
1539,21,0,3,2,1,1,0
1540,24,0,3,2,1,1,0
1541,21,0,3,2,1,1,0
1542,21,0,3,2,1,1,0
1543,21,0,3,2,1,1,0
1544,21,0,3,0,1,1,0
1545,24,0,3,2,1,1,0
1546,23,0,3,2,1,1,0
1547,22,1,3,0,1,1,0
1548,23,0,3,2,1,1,0
1549,23,0,3,0,1,1,0
1550,22,0,3,0,1,1,0
1551,23,1,3,0,1,1,0
1552,22,0,3,2,1,1,0
1553,21,1,3,2,1,1,0
1554,23,0,3,2,1,1,0
1555,24,0,3,0,1,1,0
1556,24,0,3,2,1,1,0
1557,24,0,3,2,1,1,0
1558,23,1,3,2,1,1,0
1559,23,0,3,2,1,1,0
1560,24,0,3,2,1,1,0
1561,21,0,3,0,1,1,0
1562,23,1,3,2,1,1,0
1563,21,1,3,0,1,1,0
1564,22,0,3,2,1,1,0
1565,24,0,3,0,1,1,0
1566,22,0,3,2,1,1,0
1567,21,0,3,2,1,1,0
1568,24,1,3,2,1,1,0
1569,21,0,3,2,1,1,0
1570,23,1,3,2,1,1,0
1571,24,1,3,2,1,1,0
1572,21,0,3,2,1,1,0
1573,24,0,3,2,1,1,0
1574,21,0,3,2,1,1,0
1575,23,0,3,0,1,1,0
1576,23,0,3,2,1,1,0
1577,21,1,3,2,1,1,0
1578,22,0,3,2,1,1,0
1579,23,0,3,2,1,1,0
1580,22,0,3,0,1,1,0
1581,21,0,3,0,1,1,0
1582,24,0,3,2,1,1,0
1583,21,0,3,2,1,1,0
1596,22,1,3,2,1,1,0
1585,24,0,3,0,1,1,0
1586,22,1,3,0,1,1,0
1587,24,0,3,2,1,1,0
1588,23,0,3,0,1,1,0
1589,21,1,3,2,1,1,0
1590,21,1,3,2,1,1,0
1591,23,0,3,2,1,1,0
1592,24,1,3,2,1,1,0
1593,24,0,3,2,1,1,0
1594,22,0,3,2,1,1,0
1595,23,1,3,0,1,1,0
1596,21,0,3,2,1,1,0
1597,21,0,3,2,1,1,0
1598,23,0,3,2,1,1,0
1599,22,0,3,2,1,1,0
1600,23,0,3,2,1,1,0
1601,23,0,3,2,1,1,0
1602,24,0,3,2,1,1,0
1603,24,0,3,2,1,1,0
1604,22,1,3,2,1,1,0
1605,22,0,3,0,1,1,0
1606,24,1,3,0,1,1,0
1607,24,0,3,0,1,1,0
1608,24,0,3,2,1,1,0
1609,24,1,3,2,1,1,0
1610,24,1,3,2,1,1,0
1611,23,1,3,2,1,1,0
1612,22,0,3,2,1,1,0
1613,24,1,3,2,1,1,0
1614,21,0,3,2,1,1,0
1615,21,0,3,2,1,1,0
1616,24,0,3,2,1,1,0
1617,24,0,3,2,1,1,0
1618,21,0,3,2,1,1,0
1619,21,0,3,2,1,1,0
1620,22,0,3,2,1,1,0
1621,22,1,3,2,1,1,0
1622,21,0,3,2,1,1,0
1623,21,0,3,2,1,1,0
1624,22,0,3,2,1,1,0
1625,21,0,3,2,1,1,0
1626,21,1,3,0,1,1,0
1627,23,0,3,2,1,1,0
1628,22,0,3,0,1,1,0
1629,22,1,3,2,1,1,0
1630,21,1,3,0,1,1,0
1631,22,1,3,2,1,1,0
1632,23,1,3,2,1,1,0
1633,21,1,3,2,1,1,0
1634,23,0,3,2,1,1,0
1635,21,1,3,2,1,1,0
1636,23,1,3,0,1,1,0
1637,24,0,3,0,1,1,0
1638,24,1,3,0,1,1,0
1639,23,0,3,2,1,1,0
1640,24,0,3,0,1,1,0
1641,22,0,3,0,1,1,0
1642,22,1,3,2,1,1,0
1643,24,1,3,2,1,1,0
1644,22,0,3,2,1,1,0
1645,23,0,3,2,1,1,0
1646,24,1,3,2,1,1,0
1647,23,0,3,2,1,1,0
1648,24,0,3,0,1,1,0
1649,24,1,3,0,1,1,0
1650,24,0,3,2,1,1,0
1651,22,1,3,2,1,1,0
1652,23,1,3,2,1,1,0
1653,22,1,3,0,1,1,0
1654,21,0,3,2,1,1,0
1655,23,1,3,2,1,1,0
1656,23,0,3,2,1,1,0
1657,23,0,3,2,1,1,0
1658,24,1,3,0,1,1,0
1659,21,0,3,2,1,1,0
1660,21,0,3,0,1,1,0
1661,21,0,3,0,1,1,0
1662,24,1,3,2,1,1,0
1663,23,1,3,2,1,1,0
1664,23,1,3,0,1,1,0
1665,21,0,3,2,1,1,0
1666,22,1,3,2,1,1,0
1667,21,1,3,2,1,1,0
1668,24,0,3,0,1,1,0
1669,24,0,3,2,1,1,0
1670,24,0,3,2,1,1,0
1671,23,0,3,2,1,1,0
1672,22,0,3,2,1,1,0
1673,23,1,3,2,1,1,0
1674,23,0,3,0,1,1,0
1675,22,0,3,2,1,1,0
1676,22,0,3,0,1,1,0
1677,23,0,3,2,1,1,0
1678,22,1,3,2,1,1,0
1679,22,0,3,2,1,1,0
1680,23,0,3,0,1,1,0
1681,22,0,3,2,1,1,0
1682,24,0,3,0,1,1,0
1683,22,0,3,2,1,1,0
1696,21,1,3,2,1,1,0
1685,24,0,3,0,1,1,0
1686,23,0,3,2,1,1,0
1687,22,1,3,2,1,1,0
1688,24,0,3,2,1,1,0
1689,22,1,3,0,1,1,0
1690,23,0,3,0,1,1,0
1691,21,0,3,2,1,1,0
1692,24,0,3,2,1,1,0
1693,21,0,3,2,1,1,0
1694,24,1,3,0,1,1,0
1695,23,0,3,0,1,1,0
1696,21,1,3,0,1,1,0
1697,21,1,3,2,1,1,0
1698,24,0,3,2,1,1,0
1699,21,1,3,2,1,1,0
1700,21,0,3,0,1,1,0
1701,23,0,3,2,1,1,0
1702,24,0,3,2,1,1,0
1703,24,1,3,2,1,1,0
1704,22,1,3,2,1,1,0
1705,21,0,3,2,1,1,0
1706,23,0,3,0,1,1,0
1707,24,1,3,2,1,1,0
1708,23,0,3,0,1,1,0
1709,23,0,3,2,1,1,0
1710,23,0,3,0,1,1,0
1711,21,1,3,2,1,1,0
1712,24,0,3,2,1,1,0
1713,21,1,3,0,1,1,0
1714,22,1,3,2,1,1,0
1715,22,1,3,0,1,1,0
1716,21,0,3,2,1,1,0
1717,24,0,3,2,1,1,0
1718,22,0,3,2,1,1,0
1719,23,0,3,2,1,1,0
1720,21,0,3,2,1,1,0
1721,24,0,3,2,1,1,0
1722,22,1,3,2,1,1,0
1723,21,0,3,2,1,1,0
1724,23,0,3,2,1,1,0
1725,23,0,3,2,1,1,0
1726,23,0,3,2,1,1,0
1727,21,1,3,0,1,1,0
1728,21,1,3,2,1,1,0
1729,24,1,3,2,1,1,0
1730,22,0,3,2,1,1,0
1731,22,0,3,2,1,1,0
1732,22,1,3,2,1,1,0
1733,24,1,3,2,1,1,0
1734,21,0,3,2,1,1,0
1735,23,0,3,0,1,1,0
1736,23,0,3,0,1,1,0
1737,22,1,3,2,1,1,0
1738,22,0,3,2,1,1,0
1739,21,1,3,2,1,1,0
1740,23,0,3,2,1,1,0
1741,22,1,3,0,1,1,0
1742,23,0,3,2,1,1,0
1743,23,1,3,2,1,1,0
1744,21,0,3,2,1,1,0
1745,24,0,3,2,1,1,0
1746,21,0,3,2,1,1,0
1747,24,0,3,2,1,1,0
1748,22,0,3,2,1,1,0
1749,21,1,3,2,1,1,0
1750,22,1,3,2,1,1,0
1751,21,0,3,0,1,1,0
1752,21,0,3,0,1,1,0
1753,24,0,3,0,1,1,0
1754,22,1,3,0,1,1,0
1755,22,0,3,2,1,1,0
1756,22,1,3,2,1,1,0
1757,24,1,3,0,1,1,0
1758,23,0,3,2,1,1,0
1759,24,1,3,2,1,1,0
1760,23,0,3,2,1,1,0
1761,23,0,3,0,1,1,0
1762,22,1,3,2,1,1,0
1763,21,0,3,0,1,1,0
1764,22,0,3,2,1,1,0
1765,23,0,3,2,1,1,0
1766,23,0,3,0,1,1,0
1767,22,1,3,0,1,1,0
1768,21,0,3,0,1,1,0
1769,24,0,3,0,1,1,0
1770,23,1,3,0,1,1,0
1771,23,1,3,2,1,1,0
1772,24,0,3,2,1,1,0
1773,23,0,3,0,1,1,0
1774,23,1,3,0,1,1,0
1775,23,1,3,2,1,1,0
1776,22,0,3,0,1,1,0
1777,24,0,3,2,1,1,0
1778,22,1,3,2,1,1,0
1779,22,0,3,2,1,1,0
1780,22,0,3,2,1,1,0
1781,22,1,3,2,1,1,0
1782,24,0,3,2,1,1,0
1783,24,1,3,2,1,1,0
1796,21,0,3,2,1,1,0
1785,24,0,3,2,1,1,0
1786,22,0,3,0,1,1,0
1787,24,0,3,2,1,1,0
1788,24,0,3,2,1,1,0
1789,21,0,3,2,1,1,0
1790,23,1,3,2,1,1,0
1791,23,0,3,2,1,1,0
1792,24,0,3,2,1,1,0
1793,24,1,3,2,1,1,0
1794,24,1,3,2,1,1,0
1795,21,0,3,0,1,1,0
1796,23,0,3,0,1,1,0
1797,24,0,3,0,1,1,0
1798,21,0,3,2,1,1,0
1799,23,0,3,2,1,1,0
1800,22,0,3,2,1,1,0
1801,21,0,3,2,1,1,0
1802,22,0,3,0,1,1,0
1803,23,1,3,0,1,1,0
1804,22,0,3,0,1,1,0
1805,24,0,3,2,1,1,0
1806,23,0,3,2,1,1,0
1807,21,1,3,2,1,1,0
1808,24,1,3,0,1,1,0
1809,22,1,3,2,1,1,0
1810,22,0,3,2,1,1,0
1811,23,0,3,2,1,1,0
1812,22,1,3,2,1,1,0
1813,24,0,3,2,1,1,0
1814,22,1,3,2,1,1,0
1815,23,0,3,2,1,1,0
1816,21,0,3,2,1,1,0
1817,24,1,3,2,1,1,0
1818,23,1,3,2,1,1,0
1819,21,0,3,2,1,1,0
1820,23,1,3,0,1,1,0
1821,22,1,3,0,1,1,0
1822,21,1,3,2,1,1,0
1823,21,0,3,0,1,1,0
1824,21,0,3,2,1,1,0
1825,21,1,3,2,1,1,0
1826,23,1,3,2,1,1,0
1827,21,0,3,2,1,1,0
1828,22,1,3,2,1,1,0
1829,22,1,3,2,1,1,0
1830,23,0,3,2,1,1,0
1831,21,0,3,2,1,1,0
1832,22,1,3,0,1,1,0
1833,23,0,3,2,1,1,0
1834,22,1,3,2,1,1,0
1835,21,1,3,2,1,1,0
1836,23,1,3,2,1,1,0
1837,24,1,3,0,1,1,0
1838,22,0,3,0,1,1,0
1839,22,0,3,2,1,1,0
1960,23,1,3,0,1,1,0
1961,22,0,3,0,1,1,0
1962,23,0,3,0,1,1,0
1963,22,0,3,2,1,1,0
1964,24,0,3,2,1,1,0
1965,24,1,3,2,1,1,0
1966,22,0,3,2,1,1,0
1967,21,0,3,0,1,1,0
1968,24,1,3,2,1,1,0
1969,23,0,3,0,1,1,0
1850,22,1,3,2,1,1,0
1851,21,0,3,2,1,1,0
1852,23,1,3,2,1,1,0
1853,22,0,3,2,1,1,0
1854,24,1,3,2,1,1,0
1855,21,0,3,0,1,1,0
1856,21,0,3,2,1,1,0
1857,23,0,3,2,1,1,0
1858,24,0,3,2,1,1,0
1859,24,0,3,2,1,1,0
1860,21,0,3,2,1,1,0
1861,24,0,3,0,1,1,0
1862,24,0,3,2,1,1,0
1863,21,0,3,2,1,1,0
1864,24,1,3,0,1,1,0
1865,24,1,3,0,1,1,0
1866,21,0,3,0,1,1,0
1867,21,1,3,2,1,1,0
1868,24,1,3,2,1,1,0
1869,22,1,3,2,1,1,0
1870,24,0,3,0,1,1,0
1871,24,0,3,2,1,1,0
1872,24,0,3,2,1,1,0
1873,22,0,3,2,1,1,0
1874,24,1,3,2,1,1,0
1875,22,1,3,2,1,1,0
1876,22,0,3,0,1,1,0
1877,21,0,3,2,1,1,0
1878,23,1,3,2,1,1,0
1879,23,1,3,2,1,1,0
1880,24,0,3,2,1,1,0
1881,24,1,3,0,1,1,0
1882,23,0,3,0,1,1,0
1883,23,1,3,2,1,1,0
1896,22,0,3,0,1,1,0
1885,24,1,3,2,1,1,0
1886,21,1,3,2,1,1,0
1887,22,0,3,0,1,1,0
1888,23,1,3,0,1,1,0
1889,22,1,3,2,1,1,0
1890,24,0,3,2,1,1,0
1891,21,0,3,2,1,1,0
1892,22,0,3,0,1,1,0
1893,22,0,3,2,1,1,0
1894,23,1,3,2,1,1,0
1895,24,0,3,0,1,1,0
1896,24,1,3,2,1,1,0
1897,22,0,3,2,1,1,0
1898,23,0,3,2,1,1,0
1899,23,1,3,0,1,1,0
1900,22,0,3,0,1,1,0
1901,21,1,3,2,1,1,0
1902,21,0,3,2,1,1,0
1903,21,1,3,2,1,1,0
1904,22,1,3,2,1,1,0
1905,21,0,3,2,1,1,0
1906,24,0,3,2,1,1,0
1907,21,1,3,0,1,1,0
1908,24,0,3,0,1,1,0
1909,24,0,3,2,1,1,0
1910,23,1,3,0,1,1,0
1911,22,1,3,0,1,1,0
1912,24,0,3,2,1,1,0
1913,23,0,3,0,1,1,0
1914,22,1,3,2,1,1,0
1915,21,0,3,2,1,1,0
1916,21,1,3,2,1,1,0
1917,23,0,3,2,1,1,0
1918,21,0,3,2,1,1,0
1919,24,0,3,2,1,1,0
1920,21,1,3,2,1,1,0
1921,22,1,3,2,1,1,0
1922,24,1,3,2,1,1,0
1923,21,0,3,2,1,1,0
1924,24,1,3,2,1,1,0
1925,24,1,3,0,1,1,0
1926,21,1,3,2,1,1,0
1927,23,1,3,0,1,1,0
1928,23,1,3,0,1,1,0
1929,24,0,3,2,1,1,0
1930,23,0,3,2,1,1,0
1931,23,1,3,2,1,1,0
1932,22,0,3,2,1,1,0
1933,24,0,3,0,1,1,0
1934,23,0,3,0,1,1,0
1935,23,0,3,2,1,1,0
1936,21,1,3,2,1,1,0
1937,22,0,3,0,1,1,0
1938,24,1,3,2,1,1,0
1939,24,0,3,2,1,1,0
1940,23,0,3,2,1,1,0
1941,23,1,3,2,1,1,0
1942,23,0,3,2,1,1,0
1943,22,0,3,2,1,1,0
1944,24,0,3,2,1,1,0
1945,21,0,3,2,1,1,0
1946,23,1,3,2,1,1,0
1947,24,0,3,2,1,1,0
1948,23,0,3,2,1,1,0
1949,23,0,3,2,1,1,0
1950,22,1,3,0,1,1,0
1951,22,1,3,2,1,1,0
1952,23,1,3,2,1,1,0
1953,21,0,3,2,1,1,0
1954,22,0,3,2,1,1,0
1955,24,0,3,2,1,1,0
1956,23,0,3,0,1,1,0
1957,22,1,3,2,1,1,0
1958,24,0,3,2,1,1,0
1959,21,0,3,2,1,1,0
1960,21,0,3,2,1,1,0
1961,23,1,3,2,1,1,0
1962,24,0,3,2,1,1,0
1963,21,1,3,2,1,1,0
1964,24,0,3,0,1,1,0
1965,24,1,3,2,1,1,0
1966,22,1,3,2,1,1,0
1967,22,1,3,2,1,1,0
1968,22,1,3,2,1,1,0
1969,23,1,3,0,1,1,0
1970,24,0,3,2,1,1,0
1971,24,1,3,2,1,1,0
1972,24,0,3,2,1,1,0
1973,22,1,3,2,1,1,0
1974,21,1,3,2,1,1,0
1975,23,0,3,2,1,1,0
1976,24,0,3,0,1,1,0
1977,21,1,3,0,1,1,0
1978,24,0,3,2,1,1,0
1979,21,0,3,2,1,1,0
1980,22,0,3,2,1,1,0
1981,24,0,3,2,1,1,0
1982,23,1,3,2,1,1,0
1983,21,0,3,0,1,1,0
1996,22,0,3,0,1,1,0
1985,21,0,3,2,1,1,0
1986,22,0,3,2,1,1,0
1987,23,0,3,2,1,1,0
1988,24,0,3,2,1,1,0
1989,23,1,3,2,1,1,0
1990,21,1,3,2,1,1,0
1991,21,0,3,0,1,1,0
1992,24,1,3,0,1,1,0
1993,22,1,3,2,1,1,0
1994,22,0,3,0,1,1,0
1995,21,1,3,0,1,1,0
1996,22,1,3,2,1,1,0
1997,22,0,3,2,1,1,0
1998,21,0,3,2,1,1,0
1999,23,0,3,0,1,1,0
2000,23,0,3,2,1,1,0
2001,23,0,3,0,1,0,0
2002,25,0,3,2,1,0,0
2003,25,0,3,2,1,0,0
2004,21,0,3,2,1,0,0
2005,21,1,3,0,1,0,0
2006,26,0,3,2,1,0,0
2007,26,1,3,0,1,0,0
2008,24,1,3,2,1,0,0
2009,25,0,3,2,1,0,0
2010,23,0,3,0,1,0,0
2011,24,1,3,0,1,0,0
2012,21,0,3,2,1,0,0
2013,26,0,3,0,1,0,0
2014,23,0,3,0,1,0,0
2015,23,0,3,2,1,0,0
2016,26,0,3,0,1,0,0
2017,26,0,3,2,1,0,0
2018,22,1,3,2,1,0,0
2019,23,0,3,0,1,0,0
2020,21,1,3,2,1,0,0
2021,25,0,3,0,1,0,0
2022,23,1,3,0,1,0,0
2023,26,1,3,0,1,0,0
2024,26,1,3,2,1,0,0
2025,21,1,3,0,1,0,0
2026,23,1,3,2,1,0,0
2027,26,1,3,0,1,0,0
2028,25,1,3,0,1,0,0
2029,25,0,3,2,1,0,0
2030,23,0,3,0,1,0,0
2031,24,0,3,0,1,0,0
2032,21,1,3,2,1,0,0
2033,21,0,3,2,1,0,0
2034,25,1,3,0,1,0,0
2035,23,1,3,0,1,0,0
2036,21,1,3,0,1,0,0
2037,23,0,3,0,1,0,0
2038,26,0,3,0,1,0,0
2039,22,0,3,0,1,0,0
2040,25,1,3,2,1,0,0
2041,24,1,3,2,1,0,0
2042,26,1,3,2,1,0,0
2043,25,1,3,0,1,0,0
2044,21,0,3,2,1,0,0
2045,22,1,3,2,1,0,0
2046,23,0,3,0,1,0,0
2047,21,1,3,0,1,0,0
2048,22,1,3,2,1,0,0
2049,23,0,3,0,1,0,0
2050,24,1,3,0,1,0,0
2051,23,0,3,2,1,0,0
2052,22,0,3,0,1,0,0
2053,23,0,3,2,1,0,0
2054,23,0,3,0,1,0,0
2055,23,0,3,2,1,0,0
2056,24,1,3,0,1,0,0
2057,23,0,3,2,1,0,0
2058,21,0,3,2,1,0,0
2059,21,0,3,2,1,0,0
2060,24,1,3,0,1,0,0
2061,22,1,3,0,1,0,0
2062,26,1,3,0,1,0,0
2063,22,0,3,2,1,0,0
2064,21,0,3,2,1,0,0
2065,23,1,3,0,1,0,0
2066,25,1,3,0,1,0,0
2067,23,0,3,0,1,0,0
2068,21,0,3,0,1,0,0
2069,24,0,3,2,1,0,0
2070,21,1,3,2,1,0,0
2071,23,0,3,0,1,0,0
2072,25,0,3,2,1,0,0
2073,23,0,3,0,1,0,0
2074,26,1,3,2,1,0,0
2075,25,1,3,2,1,0,0
2076,21,0,3,2,1,0,0
2077,21,0,3,0,1,0,0
2078,23,1,3,2,1,0,0
2079,22,1,3,2,1,0,0
2080,24,0,3,0,1,0,0
2081,24,1,3,0,1,0,0
2082,23,1,3,0,1,0,0
2083,21,0,3,0,1,0,0
2096,23,0,3,0,1,0,0
2085,21,1,3,0,1,0,0
2086,23,1,3,0,1,0,0
2087,23,0,3,0,1,0,0
2088,25,1,3,2,1,0,0
2089,26,0,3,0,1,0,0
2090,24,1,3,0,1,0,0
2091,25,1,3,2,1,0,0
2092,26,1,3,2,1,0,0
2093,21,0,3,0,1,0,0
2094,23,0,3,2,1,0,0
2095,23,0,3,0,1,0,0
2096,25,1,3,0,1,0,0
2097,22,0,3,2,1,0,0
2098,26,0,3,2,1,0,0
2099,21,0,3,0,1,0,0
2100,25,0,3,2,1,0,0
2101,23,0,3,0,1,0,0
2102,22,0,3,2,1,0,0
2103,24,1,3,2,1,0,0
2104,24,1,3,0,1,0,0
2105,22,1,3,2,1,0,0
2106,24,1,3,0,1,0,0
2107,22,0,3,0,1,0,0
2108,23,0,3,2,1,0,0
2109,24,1,3,2,1,0,0
2110,25,0,3,2,1,0,0
2111,22,0,3,2,1,0,0
2112,24,0,3,0,1,0,0
2113,25,0,3,0,1,0,0
2114,26,0,3,0,1,0,0
2115,22,1,3,2,1,0,0
2116,25,1,3,2,1,0,0
2117,22,0,3,0,1,0,0
2118,24,1,3,2,1,0,0
2119,25,0,3,2,1,0,0
2120,25,1,3,0,1,0,0
2121,26,1,3,0,1,0,0
2122,26,1,3,0,1,0,0
2123,21,0,3,2,1,0,0
2124,26,1,3,0,1,0,0
2125,24,1,3,0,1,0,0
2126,22,0,3,2,1,0,0
2127,25,0,3,2,1,0,0
2128,21,0,3,0,1,0,0
2129,22,0,3,0,1,0,0
2130,23,1,3,2,1,0,0
2131,22,0,3,0,1,0,0
2132,25,1,3,0,1,0,0
2133,22,0,3,0,1,0,0
2134,21,0,3,0,1,0,0
2135,24,1,3,2,1,0,0
2136,23,1,3,0,1,0,0
2137,25,1,3,0,1,0,0
2138,25,1,3,0,1,0,0
2139,22,0,3,2,1,0,0
2140,24,0,3,2,1,0,0
2141,24,1,3,0,1,0,0
2142,26,0,3,2,1,0,0
2143,26,0,3,0,1,0,0
2144,24,1,3,2,1,0,0
2145,22,1,3,0,1,0,0
2146,24,1,3,2,1,0,0
2147,23,0,3,2,1,0,0
2148,23,0,3,0,1,0,0
2149,23,1,3,0,1,0,0
2150,26,1,3,0,1,0,0
2151,25,1,3,0,1,0,0
2152,21,1,3,2,1,0,0
2153,22,1,3,2,1,0,0
2154,23,1,3,0,1,0,0
2155,23,0,3,0,1,0,0
2156,23,1,3,0,1,0,0
2157,21,0,3,0,1,0,0
2158,24,0,3,2,1,0,0
2159,22,0,3,0,1,0,0
2160,23,0,3,2,1,0,0
2161,22,0,3,0,1,0,0
2162,25,1,3,0,1,0,0
2163,22,1,3,2,1,0,0
2164,21,0,3,2,1,0,0
2165,23,0,3,2,1,0,0
2166,23,1,3,0,1,0,0
2167,24,0,3,2,1,0,0
2168,24,1,3,0,1,0,0
2169,25,0,3,2,1,0,0
2170,25,0,3,2,1,0,0
2171,25,1,3,2,1,0,0
2172,24,0,3,2,1,0,0
2173,26,0,3,0,1,0,0
2174,26,0,3,2,1,0,0
2175,26,1,3,2,1,0,0
2176,22,0,3,0,1,0,0
2177,26,1,3,0,1,0,0
2178,24,0,3,0,1,0,0
2179,21,0,3,0,1,0,0
2180,26,0,3,0,1,0,0
2181,25,1,3,0,1,0,0
2182,23,1,3,0,1,0,0
2183,23,1,3,0,1,0,0
2196,21,1,3,0,1,0,0
2185,25,0,3,0,1,0,0
2186,25,0,3,0,1,0,0
2187,23,0,3,0,1,0,0
2188,21,1,3,0,1,0,0
2189,23,0,3,2,1,0,0
2190,25,0,3,2,1,0,0
2191,23,1,3,0,1,0,0
2192,24,1,3,2,1,0,0
2193,26,1,3,2,1,0,0
2194,24,0,3,2,1,0,0
2195,24,1,3,2,1,0,0
2196,22,0,3,0,1,0,0
2197,26,0,3,0,1,0,0
2198,24,1,3,2,1,0,0
2199,21,0,3,2,1,0,0
2200,22,0,3,2,1,0,0
2201,22,0,3,2,1,0,0
2202,23,1,3,2,1,0,0
2203,25,0,3,2,1,0,0
2204,23,0,3,2,1,0,0
2205,21,0,3,2,1,0,0
2206,26,1,3,0,1,0,0
2207,26,0,3,0,1,0,0
2208,22,1,3,0,1,0,0
2209,25,1,3,2,1,0,0
2210,24,1,3,0,1,0,0
2211,21,0,3,2,1,0,0
2212,24,1,3,0,1,0,0
2213,25,1,3,2,1,0,0
2214,22,0,3,2,1,0,0
2215,24,0,3,0,1,0,0
2216,25,1,3,0,1,0,0
2217,24,1,3,0,1,0,0
2218,23,0,3,2,1,0,0
2219,21,1,3,2,1,0,0
2220,26,0,3,2,1,0,0
2221,23,1,3,2,1,0,0
2222,23,0,3,2,1,0,0
2223,26,0,3,0,1,0,0
2224,25,0,3,0,1,0,0
2225,21,1,3,0,1,0,0
2226,25,0,3,2,1,0,0
2227,21,0,3,2,1,0,0
2228,25,0,3,2,1,0,0
2229,21,0,3,0,1,0,0
2230,26,0,3,0,1,0,0
2231,23,0,3,0,1,0,0
2232,21,0,3,2,1,0,0
2233,26,1,3,2,1,0,0
2234,26,0,3,2,1,0,0
2235,21,0,3,2,1,0,0
2236,26,0,3,0,1,0,0
2237,24,1,3,0,1,0,0
2238,25,0,3,2,1,0,0
2239,25,0,3,0,1,0,0
2240,24,0,3,0,1,0,0
2241,25,0,3,0,1,0,0
2242,24,0,3,0,1,0,0
2243,24,0,3,2,1,0,0
2244,24,0,3,0,1,0,0
2245,25,0,3,2,1,0,0
2246,26,0,3,0,1,0,0
2247,23,1,3,2,1,0,0
2248,26,1,3,2,1,0,0
2249,26,0,3,0,1,0,0
2250,22,0,3,2,1,0,0
2251,21,0,3,2,1,0,0
2252,25,0,3,2,1,0,0
2253,24,0,3,2,1,0,0
2254,22,0,3,2,1,0,0
2255,22,0,3,2,1,0,0
2256,25,0,3,0,1,0,0
2257,21,0,3,0,1,0,0
2258,26,1,3,2,1,0,0
2259,23,1,3,2,1,0,0
2260,24,0,3,2,1,0,0
2261,22,0,3,2,1,0,0
2262,26,1,3,2,1,0,0
2263,23,1,3,2,1,0,0
2264,23,1,3,2,1,0,0
2265,22,0,3,0,1,0,0
2266,25,0,3,0,1,0,0
2267,26,1,3,0,1,0,0
2268,21,1,3,0,1,0,0
2269,23,1,3,2,1,0,0
2270,22,0,3,2,1,0,0
2271,26,0,3,0,1,0,0
2272,22,1,3,0,1,0,0
2273,21,0,3,2,1,0,0
2274,26,1,3,2,1,0,0
2275,25,0,3,0,1,0,0
2276,24,1,3,0,1,0,0
2277,22,0,3,0,1,0,0
2278,23,1,3,2,1,0,0
2279,24,1,3,2,1,0,0
2280,26,0,3,0,1,0,0
2281,22,0,3,2,1,0,0
2282,26,1,3,2,1,0,0
2283,21,0,3,2,1,0,0
2296,26,1,3,2,1,0,0
2285,22,0,3,2,1,0,0
2286,22,0,3,0,1,0,0
2287,23,0,3,2,1,0,0
2288,23,0,3,2,1,0,0
2289,26,0,3,2,1,0,0
2290,21,1,3,2,1,0,0
2291,24,0,3,0,1,0,0
2292,21,1,3,0,1,0,0
2293,25,0,3,0,1,0,0
2294,22,1,3,0,1,0,0
2295,24,0,3,2,1,0,0
2296,25,0,3,0,1,0,0
2297,25,0,3,2,1,0,0
2298,24,1,3,0,1,0,0
2299,21,0,3,2,1,0,0
2300,24,0,3,2,1,0,0
2301,26,1,3,2,1,0,0
2302,25,1,3,2,1,0,0
2303,24,1,3,0,1,0,0
2304,24,0,3,0,1,0,0
2305,25,1,3,2,1,0,0
2306,22,0,3,0,1,0,0
2307,22,0,3,0,1,0,0
2308,21,0,3,0,1,0,0
2309,25,0,3,2,1,0,0
2310,23,0,3,0,1,0,0
2311,26,1,3,2,1,0,0
2312,22,0,3,0,1,0,0
2313,25,1,3,2,1,0,0
2314,26,0,3,2,1,0,0
2315,22,0,3,2,1,0,0
2316,22,0,3,0,1,0,0
2317,25,0,3,2,1,0,0
2318,26,0,3,2,1,0,0
2319,22,1,3,2,1,0,0
2320,24,1,3,2,1,0,0
2321,21,0,3,2,1,0,0
2322,26,1,3,0,1,0,0
2323,23,1,3,2,1,0,0
2324,21,0,3,2,1,0,0
2325,25,0,3,0,1,0,0
2326,26,1,3,0,1,0,0
2327,21,0,3,2,1,0,0
2328,23,0,3,0,1,0,0
2329,26,1,3,0,1,0,0
2330,26,1,3,0,1,0,0
2331,24,1,3,0,1,0,0
2332,22,0,3,2,1,0,0
2333,24,0,3,2,1,0,0
2334,22,0,3,0,1,0,0
2335,21,0,3,0,1,0,0
2336,21,1,3,0,1,0,0
2337,25,1,3,2,1,0,0
2338,22,0,3,2,1,0,0
2339,26,1,3,2,1,0,0
2340,23,1,3,0,1,0,0
2341,21,1,3,2,1,0,0
2342,21,0,3,0,1,0,0
2343,26,1,3,2,1,0,0
2344,21,1,3,0,1,0,0
2345,21,0,3,2,1,0,0
2346,22,0,3,0,1,0,0
2347,24,0,3,2,1,0,0
2348,24,1,3,0,1,0,0
2349,23,0,3,0,1,0,0
2350,25,0,3,2,1,0,0
2351,25,1,3,2,1,0,0
2352,24,1,3,2,1,0,0
2353,22,1,3,2,1,0,0
2354,24,1,3,2,1,0,0
2355,22,0,3,0,1,0,0
2356,21,0,3,0,1,0,0
2357,22,0,3,0,1,0,0
2358,21,0,3,2,1,0,0
2359,23,0,3,0,1,0,0
2360,24,0,3,0,1,0,0
2361,22,1,3,2,1,0,0
2362,21,0,3,0,1,0,0
2363,24,0,3,0,1,0,0
2364,26,0,3,2,1,0,0
2365,24,0,3,0,1,0,0
2366,22,0,3,2,1,0,0
2367,25,1,3,2,1,0,0
2368,22,1,3,2,1,0,0
2369,24,0,3,2,1,0,0
2370,23,1,3,2,1,0,0
2371,23,0,3,0,1,0,0
2372,24,1,3,2,1,0,0
2373,26,0,3,2,1,0,0
2374,26,0,3,2,1,0,0
2375,26,0,3,0,1,0,0
2376,24,0,3,2,1,0,0
2377,24,1,3,2,1,0,0
2378,21,0,3,2,1,0,0
2379,22,1,3,0,1,0,0
2380,25,0,3,0,1,0,0
2381,26,1,3,2,1,0,0
2382,21,0,3,0,1,0,0
2383,22,0,3,2,1,0,0
2396,26,0,3,0,1,0,0
2385,21,0,3,2,1,0,0
2386,21,0,3,0,1,0,0
2387,21,0,3,2,1,0,0
2388,26,1,3,2,1,0,0
2389,25,0,3,0,1,0,0
2390,25,0,3,0,1,0,0
2391,25,0,3,2,1,0,0
2392,25,0,3,0,1,0,0
2393,26,1,3,0,1,0,0
2394,24,1,3,2,1,0,0
2395,22,1,3,2,1,0,0
2396,22,0,3,2,1,0,0
2397,22,0,3,2,1,0,0
2398,25,1,3,2,1,0,0
2399,21,1,3,2,1,0,0
2400,25,1,3,2,1,0,0
2401,21,1,3,2,1,0,0
2402,26,0,3,0,1,0,0
2403,23,0,3,0,1,0,0
2404,22,0,3,0,1,0,0
2405,24,1,3,0,1,0,0
2406,23,0,3,0,1,0,0
2407,23,1,3,2,1,0,0
2408,26,0,3,0,1,0,0
2409,24,1,3,2,1,0,0
2410,21,1,3,0,1,0,0
2411,25,0,3,2,1,0,0
2412,21,0,3,2,1,0,0
2413,25,1,3,2,1,0,0
2414,21,0,3,0,1,0,0
2415,23,0,3,2,1,0,0
2416,22,0,3,2,1,0,0
2417,24,0,3,0,1,0,0
2418,24,0,3,2,1,0,0
2419,23,1,3,2,1,0,0
2420,21,1,3,2,1,0,0
2421,24,0,3,2,1,0,0
2422,23,0,3,0,1,0,0
2423,22,0,3,0,1,0,0
2424,23,0,3,0,1,0,0
2425,25,1,3,0,1,0,0
2426,22,0,3,0,1,0,0
2427,25,0,3,0,1,0,0
2428,23,1,3,0,1,0,0
2429,22,0,3,0,1,0,0
2430,26,0,3,0,1,0,0
2431,23,0,3,2,1,0,0
2432,26,1,3,2,1,0,0
2433,23,0,3,0,1,0,0
2434,26,0,3,2,1,0,0
2435,21,1,3,2,1,0,0
2436,21,0,3,2,1,0,0
2437,21,0,3,0,1,0,0
2438,24,0,3,0,1,0,0
2439,24,0,3,2,1,0,0
2440,26,1,3,2,1,0,0
2441,21,0,3,2,1,0,0
2442,25,1,3,0,1,0,0
2443,25,0,3,0,1,0,0
2444,26,1,3,0,1,0,0
2445,21,0,3,2,1,0,0
2446,22,1,3,0,1,0,0
2447,23,1,3,0,1,0,0
2448,21,1,3,0,1,0,0
2449,23,1,3,2,1,0,0
2450,21,0,3,2,1,0,0
2451,22,0,3,0,1,0,0
2452,26,0,3,2,1,0,0
2453,25,0,3,0,1,0,0
2454,26,1,3,2,1,0,0
2455,25,0,3,0,1,0,0
2456,21,0,3,0,1,0,0
2457,21,1,3,0,1,0,0
2458,24,1,3,0,1,0,0
2459,21,0,3,0,1,0,0
2460,26,1,3,0,1,0,0
2461,26,0,3,0,1,0,0
2462,23,0,3,2,1,0,0
2463,25,0,3,2,1,0,0
2464,23,1,3,2,1,0,0
2465,24,0,3,0,1,0,0
2466,24,0,3,2,1,0,0
2467,24,1,3,2,1,0,0
2468,21,0,3,2,1,0,0
2469,23,0,3,2,1,0,0
2470,26,1,3,0,1,0,0
2471,24,0,3,0,1,0,0
2472,24,0,3,2,1,0,0
2473,24,1,3,2,1,0,0
2474,22,0,3,0,1,0,0
2475,24,1,3,2,1,0,0
2476,25,0,3,2,1,0,0
2477,25,0,3,2,1,0,0
2478,24,0,3,2,1,0,0
2479,26,1,3,0,1,0,0
2480,22,0,3,2,1,0,0
2481,22,1,3,0,1,0,0
2482,22,0,3,0,1,0,0
2483,26,0,3,0,1,0,0
2496,25,0,3,2,1,0,0
2485,25,1,3,0,1,0,0
2486,24,0,3,2,1,0,0
2487,25,0,3,0,1,0,0
2488,21,0,3,2,1,0,0
2489,25,1,3,0,1,0,0
2490,25,1,3,0,1,0,0
2491,26,0,3,2,1,0,0
2492,22,1,3,2,1,0,0
2493,26,0,3,2,1,0,0
2494,21,1,3,0,1,0,0
2495,23,0,3,2,1,0,0
2496,24,1,3,0,1,0,0
2497,22,0,3,2,1,0,0
2498,23,0,3,2,1,0,0
2499,25,0,3,2,1,0,0
2500,22,1,3,2,1,0,0
2501,26,0,3,2,1,0,0
2502,23,1,3,0,1,0,0
2503,26,0,3,0,1,0,0
2504,24,0,3,2,1,0,0
2505,24,1,3,0,1,0,0
2506,26,0,3,0,1,0,0
2507,22,0,3,2,1,0,0
2508,23,0,3,2,1,0,0
2509,26,1,3,2,1,0,0
2510,21,1,3,2,1,0,0
2511,23,1,3,2,1,0,0
2512,21,0,3,0,1,0,0
2513,24,0,3,0,1,0,0
2514,25,1,3,2,1,0,0
2515,25,1,3,0,1,0,0
2516,26,0,3,2,1,0,0
2517,26,0,3,2,1,0,0
2518,25,1,3,0,1,0,0
2519,25,0,3,0,1,0,0
2520,26,0,3,0,1,0,0
2521,25,1,3,0,1,0,0
2522,24,1,3,0,1,0,0
2523,22,0,3,2,1,0,0
2524,25,0,3,2,1,0,0
2525,21,0,3,2,1,0,0
2526,22,0,3,2,1,0,0
2527,22,0,3,0,1,0,0
2528,21,0,3,0,1,0,0
2529,24,0,3,2,1,0,0
2530,22,1,3,0,1,0,0
2531,22,0,3,0,1,0,0
2532,25,1,3,2,1,0,0
2533,25,0,3,0,1,0,0
2534,21,0,3,0,1,0,0
2535,26,1,3,2,1,0,0
2536,22,0,3,2,1,0,0
2537,24,0,3,0,1,0,0
2538,25,0,3,2,1,0,0
2539,21,0,3,2,1,0,0
2540,21,1,3,2,1,0,0
2541,25,1,3,0,1,0,0
2542,23,1,3,0,1,0,0
2543,22,0,3,0,1,0,0
2544,21,0,3,2,1,0,0
2545,24,0,3,0,1,0,0
2546,22,0,3,2,1,0,0
2547,24,1,3,2,1,0,0
2548,22,1,3,0,1,0,0
2549,21,1,3,2,1,0,0
2550,25,1,3,0,1,0,0
2551,23,1,3,0,1,0,0
2552,24,1,3,2,1,0,0
2553,22,0,3,0,1,0,0
2554,26,0,3,2,1,0,0
2555,21,0,3,0,1,0,0
2556,25,0,3,2,1,0,0
2557,23,0,3,2,1,0,0
2558,24,0,3,2,1,0,0
2559,26,0,3,2,1,0,0
2560,25,0,3,2,1,0,0
2561,24,0,3,2,1,0,0
2562,22,1,3,0,1,0,0
2563,25,1,3,0,1,0,0
2564,24,0,3,0,1,0,0
2565,24,0,3,0,1,0,0
2566,24,0,3,0,1,0,0
2567,23,0,3,0,1,0,0
2568,23,0,3,0,1,0,0
2569,24,1,3,0,1,0,0
2570,25,1,3,0,1,0,0
2571,25,0,3,2,1,0,0
2572,26,0,3,0,1,0,0
2573,22,1,3,2,1,0,0
2574,21,0,3,0,1,0,0
2575,26,0,3,0,1,0,0
2576,26,1,3,0,1,0,0
2577,24,1,3,2,1,0,0
2578,23,0,3,0,1,0,0
2579,21,0,3,0,1,0,0
2580,26,1,3,2,1,0,0
2581,22,1,3,0,1,0,0
2582,25,0,3,0,1,0,0
2583,25,0,3,0,1,0,0
2596,24,1,3,2,1,0,0
2585,25,0,3,0,1,0,0
2586,25,0,3,2,1,0,0
2587,21,0,3,2,1,0,0
2588,25,0,3,2,1,0,0
2589,21,0,3,0,1,0,0
2590,26,1,3,2,1,0,0
2591,24,1,3,0,1,0,0
2592,21,0,3,2,1,0,0
2593,24,0,3,2,1,0,0
2594,22,0,3,0,1,0,0
2595,25,0,3,0,1,0,0
2596,25,0,3,0,1,0,0
2597,21,0,3,2,1,0,0
2598,24,1,3,2,1,0,0
2599,23,1,3,2,1,0,0
2600,26,1,3,0,1,0,0
2601,23,1,3,0,1,0,0
2602,21,0,3,2,1,0,0
2603,23,0,3,2,1,0,0
2604,25,1,3,0,1,0,0
2605,24,0,3,2,1,0,0
2606,21,0,3,2,1,0,0
2607,22,1,3,2,1,0,0
2608,21,1,3,0,1,0,0
2609,24,1,3,0,1,0,0
2610,25,0,3,0,1,0,0
2611,24,1,3,0,1,0,0
2612,22,0,3,0,1,0,0
2613,22,0,3,0,1,0,0
2614,21,1,3,2,1,0,0
2615,21,1,3,0,1,0,0
2616,25,1,3,0,1,0,0
2617,21,0,3,2,1,0,0
2618,26,0,3,2,1,0,0
2619,21,1,3,0,1,0,0
2620,23,0,3,0,1,0,0
2621,22,1,3,0,1,0,0
2622,21,0,3,0,1,0,0
2623,22,1,3,2,1,0,0
2624,24,0,3,2,1,0,0
2625,23,1,3,2,1,0,0
2626,21,0,3,2,1,0,0
2627,24,0,3,0,1,0,0
2628,24,0,3,0,1,0,0
2629,24,1,3,2,1,0,0
2630,23,0,3,0,1,0,0
2631,21,0,3,0,1,0,0
2632,22,0,3,0,1,0,0
2633,26,0,3,0,1,0,0
2634,22,0,3,0,1,0,0
2635,26,0,3,2,1,0,0
2636,24,1,3,0,1,0,0
2637,25,0,3,2,1,0,0
2638,23,1,3,0,1,0,0
2639,23,1,3,2,1,0,0
2640,26,1,3,2,1,0,0
2641,26,0,3,2,1,0,0
2642,26,1,3,2,1,0,0
2643,26,1,3,2,1,0,0
2644,24,1,3,0,1,0,0
2645,23,0,3,0,1,0,0
2646,23,0,3,0,1,0,0
2647,24,0,3,0,1,0,0
2648,23,1,3,2,1,0,0
2649,25,0,3,2,1,0,0
2650,22,1,3,0,1,0,0
2651,25,1,3,0,1,0,0
2652,22,0,3,2,1,0,0
2653,24,0,3,2,1,0,0
2654,23,0,3,0,1,0,0
2655,24,1,3,0,1,0,0
2656,25,0,3,0,1,0,0
2657,22,0,3,2,1,0,0
2658,24,0,3,2,1,0,0
2659,25,1,3,0,1,0,0
2660,22,0,3,2,1,0,0
2661,26,0,3,0,1,0,0
2662,23,0,3,0,1,0,0
2663,26,1,3,0,1,0,0
2664,25,1,3,0,1,0,0
2665,25,1,3,0,1,0,0
2666,26,1,3,0,1,0,0
2667,25,0,3,2,1,0,0
2668,21,0,3,2,1,0,0
2669,26,0,3,0,1,0,0
2670,22,0,3,2,1,0,0
2671,21,1,3,2,1,0,0
2672,22,0,3,0,1,0,0
2673,24,0,3,0,1,0,0
2674,25,0,3,2,1,0,0
2675,23,0,3,0,1,0,0
2676,24,0,3,2,1,0,0
2677,26,1,3,0,1,0,0
2678,23,0,3,0,1,0,0
2679,23,0,3,0,1,0,0
2680,26,0,3,2,1,0,0
2681,24,0,3,0,1,0,0
2682,26,0,3,2,1,0,0
2683,25,0,3,0,1,0,0
2696,25,0,3,2,1,0,0
2685,24,0,3,0,1,0,0
2686,24,1,3,0,1,0,0
2687,22,1,3,2,1,0,0
2688,21,0,3,0,1,0,0
2689,22,0,3,0,1,0,0
2690,22,1,3,2,1,0,0
2691,26,0,3,0,1,0,0
2692,23,0,3,0,1,0,0
2693,24,0,3,2,1,0,0
2694,23,0,3,2,1,0,0
2695,22,0,3,0,1,0,0
2696,24,0,3,2,1,0,0
2697,24,0,3,0,1,0,0
2698,25,0,3,0,1,0,0
2699,25,1,3,0,1,0,0
2700,25,0,3,0,1,0,0
2701,25,0,3,2,1,0,0
2702,24,0,3,2,1,0,0
2703,21,0,3,0,1,0,0
2704,24,0,3,0,1,0,0
2705,26,0,3,0,1,0,0
2706,21,0,3,0,1,0,0
2707,22,0,3,2,1,0,0
2708,25,1,3,2,1,0,0
2709,26,1,3,2,1,0,0
2710,23,0,3,2,1,0,0
2711,23,1,3,0,1,0,0
2712,22,1,3,0,1,0,0
2713,25,0,3,2,1,0,0
2714,21,0,3,2,1,0,0
2715,22,0,3,2,1,0,0
2716,23,0,3,0,1,0,0
2717,25,1,3,0,1,0,0
2718,24,1,3,0,1,0,0
2719,26,0,3,0,1,0,0
2720,26,1,3,0,1,0,0
2721,21,0,3,2,1,0,0
2722,24,0,3,2,1,0,0
2723,23,1,3,2,1,0,0
2724,21,1,3,2,1,0,0
2725,21,1,3,0,1,0,0
2726,24,0,3,0,1,0,0
2727,25,0,3,2,1,0,0
2728,23,0,3,0,1,0,0
2729,23,1,3,0,1,0,0
2730,24,0,3,0,1,0,0
2731,23,0,3,2,1,0,0
2732,22,0,3,0,1,0,0
2733,23,1,3,0,1,0,0
2734,21,0,3,2,1,0,0
2735,25,0,3,0,1,0,0
2736,26,1,3,0,1,0,0
2737,24,0,3,2,1,0,0
2738,26,1,3,2,1,0,0
2739,22,0,3,2,1,0,0
2740,21,0,3,2,1,0,0
2741,25,0,3,0,1,0,0
2742,24,1,3,2,1,0,0
2743,24,0,3,2,1,0,0
2744,23,1,3,2,1,0,0
2745,22,1,3,0,1,0,0
2746,23,1,3,2,1,0,0
2747,21,1,3,0,1,0,0
2748,24,1,3,2,1,0,0
2749,23,1,3,0,1,0,0
2750,24,1,3,0,1,0,0
2751,22,1,3,2,1,0,0
2752,25,0,3,0,1,0,0
2753,21,0,3,0,1,0,0
2754,21,0,3,2,1,0,0
2755,22,0,3,2,1,0,0
2756,24,0,3,2,1,0,0
2757,24,1,3,0,1,0,0
2758,23,0,3,0,1,0,0
2759,22,1,3,0,1,0,0
2760,23,0,3,2,1,0,0
2761,21,0,3,2,1,0,0
2762,26,0,3,0,1,0,0
2763,24,1,3,2,1,0,0
2764,24,0,3,0,1,0,0
2765,24,1,3,2,1,0,0
2766,22,1,3,2,1,0,0
2767,21,0,3,2,1,0,0
2768,24,0,3,0,1,0,0
2769,25,0,3,0,1,0,0
2770,26,0,3,2,1,0,0
2771,24,1,3,2,1,0,0
2772,25,0,3,0,1,0,0
2773,26,1,3,0,1,0,0
2774,21,0,3,0,1,0,0
2775,21,0,3,0,1,0,0
2776,22,1,3,0,1,0,0
2777,24,0,3,0,1,0,0
2778,26,1,3,0,1,0,0
2779,22,0,3,0,1,0,0
2780,25,0,3,2,1,0,0
2781,23,0,3,0,1,0,0
2782,21,0,3,2,1,0,0
2783,25,1,3,0,1,0,0
2796,24,1,3,0,1,0,0
2785,25,1,3,2,1,0,0
2786,24,1,3,0,1,0,0
2787,26,0,3,2,1,0,0
2788,21,0,3,0,1,0,0
2789,22,0,3,2,1,0,0
2790,21,1,3,2,1,0,0
2791,26,0,3,2,1,0,0
2792,24,1,3,2,1,0,0
2793,26,0,3,0,1,0,0
2794,26,0,3,2,1,0,0
2795,22,1,3,0,1,0,0
2796,21,0,3,2,1,0,0
2797,25,0,3,2,1,0,0
2798,21,1,3,0,1,0,0
2799,22,1,3,2,1,0,0
2800,26,1,3,2,1,0,0
2801,22,1,3,2,1,0,0
2802,21,1,3,0,1,0,0
2803,21,0,3,0,1,0,0
2804,21,0,3,0,1,0,0
2805,24,0,3,2,1,0,0
2806,26,0,3,0,1,0,0
2807,24,0,3,2,1,0,0
2808,24,0,3,2,1,0,0
2809,23,1,3,2,1,0,0
2810,26,1,3,2,1,0,0
2811,25,0,3,0,1,0,0
2812,25,0,3,2,1,0,0
2813,22,1,3,0,1,0,0
2814,22,1,3,0,1,0,0
2815,25,0,3,2,1,0,0
2816,25,1,3,2,1,0,0
2817,23,0,3,2,1,0,0
2818,26,0,3,0,1,0,0
2819,23,1,3,2,1,0,0
2820,24,0,3,0,1,0,0
2821,21,0,3,0,1,0,0
2822,21,0,3,0,1,0,0
2823,24,1,3,2,1,0,0
2824,26,0,3,0,1,0,0
2825,21,1,3,0,1,0,0
2826,22,1,3,2,1,0,0
2827,22,0,3,2,1,0,0
2828,23,0,3,2,1,0,0
2829,25,0,3,2,1,0,0
2830,21,1,3,0,1,0,0
2831,25,0,3,2,1,0,0
2832,24,0,3,0,1,0,0
2833,23,0,3,2,1,0,0
2834,24,0,3,2,1,0,0
2835,21,0,3,0,1,0,0
2836,25,0,3,2,1,0,0
2837,24,0,3,2,1,0,0
2838,25,0,3,0,1,0,0
2839,23,0,3,0,1,0,0
2960,25,0,3,0,1,0,0
2961,25,0,3,2,1,0,0
2962,23,1,3,2,1,0,0
2963,22,0,3,2,1,0,0
2964,21,1,3,2,1,0,0
2965,25,1,3,2,1,0,0
2966,24,0,3,2,1,0,0
2967,24,1,3,0,1,0,0
2968,21,0,3,2,1,0,0
2969,26,0,3,0,1,0,0
2850,23,0,3,0,1,0,0
2851,22,0,3,2,1,0,0
2852,23,0,3,0,1,0,0
2853,25,0,3,2,1,0,0
2854,23,1,3,2,1,0,0
2855,25,0,3,2,1,0,0
2856,23,0,3,0,1,0,0
2857,21,0,3,0,1,0,0
2858,23,0,3,2,1,0,0
2859,25,1,3,2,1,0,0
2860,23,1,3,0,1,0,0
2861,22,1,3,0,1,0,0
2862,23,0,3,0,1,0,0
2863,26,1,3,0,1,0,0
2864,25,1,3,0,1,0,0
2865,21,0,3,2,1,0,0
2866,24,0,3,0,1,0,0
2867,26,1,3,0,1,0,0
2868,25,0,3,2,1,0,0
2869,21,0,3,2,1,0,0
2870,26,0,3,2,1,0,0
2871,24,0,3,2,1,0,0
2872,21,0,3,0,1,0,0
2873,22,1,3,2,1,0,0
2874,23,0,3,2,1,0,0
2875,26,1,3,0,1,0,0
2876,24,0,3,2,1,0,0
2877,22,1,3,2,1,0,0
2878,26,0,3,0,1,0,0
2879,23,0,3,2,1,0,0
2880,22,1,3,0,1,0,0
2881,24,0,3,2,1,0,0
2882,21,0,3,0,1,0,0
2883,22,1,3,0,1,0,0
2896,22,0,3,2,1,0,0
2885,23,0,3,2,1,0,0
2886,22,0,3,0,1,0,0
2887,22,0,3,0,1,0,0
2888,23,1,3,0,1,0,0
2889,24,0,3,2,1,0,0
2890,25,1,3,2,1,0,0
2891,21,0,3,0,1,0,0
2892,23,0,3,0,1,0,0
2893,25,0,3,2,1,0,0
2894,25,0,3,2,1,0,0
2895,24,1,3,0,1,0,0
2896,23,0,3,0,1,0,0
2897,21,1,3,2,1,0,0
2898,22,0,3,2,1,0,0
2899,24,0,3,0,1,0,0
2900,25,0,3,2,1,0,0
2901,26,0,3,2,1,0,0
2902,23,1,3,0,1,0,0
2903,23,0,3,2,1,0,0
2904,26,0,3,2,1,0,0
2905,26,1,3,0,1,0,0
2906,25,0,3,0,1,0,0
2907,23,1,3,0,1,0,0
2908,21,0,3,0,1,0,0
2909,21,0,3,0,1,0,0
2910,24,0,3,2,1,0,0
2911,23,1,3,2,1,0,0
2912,24,1,3,2,1,0,0
2913,22,0,3,2,1,0,0
2914,26,1,3,2,1,0,0
2915,25,1,3,2,1,0,0
2916,26,0,3,0,1,0,0
2917,25,1,3,0,1,0,0
2918,26,1,3,2,1,0,0
2919,22,0,3,0,1,0,0
2920,22,1,3,0,1,0,0
2921,26,0,3,2,1,0,0
2922,26,0,3,0,1,0,0
2923,22,1,3,0,1,0,0
2924,26,1,3,2,1,0,0
2925,24,0,3,2,1,0,0
2926,21,1,3,0,1,0,0
2927,25,0,3,2,1,0,0
2928,25,0,3,0,1,0,0
2929,21,1,3,0,1,0,0
2930,24,0,3,2,1,0,0
2931,23,1,3,0,1,0,0
2932,26,1,3,2,1,0,0
2933,21,1,3,2,1,0,0
2934,22,0,3,0,1,0,0
2935,24,0,3,0,1,0,0
2936,25,1,3,2,1,0,0
2937,22,1,3,0,1,0,0
2938,21,0,3,0,1,0,0
2939,26,1,3,0,1,0,0
2940,25,1,3,2,1,0,0
2941,21,0,3,0,1,0,0
2942,23,0,3,0,1,0,0
2943,22,1,3,2,1,0,0
2944,21,0,3,0,1,0,0
2945,25,0,3,0,1,0,0
2946,26,0,3,2,1,0,0
2947,23,0,3,2,1,0,0
2948,25,1,3,2,1,0,0
2949,23,0,3,0,1,0,0
2950,23,0,3,2,1,0,0
2951,25,0,3,0,1,0,0
2952,22,1,3,2,1,0,0
2953,21,1,3,0,1,0,0
2954,21,0,3,2,1,0,0
2955,25,0,3,2,1,0,0
2956,23,1,3,2,1,0,0
2957,26,0,3,2,1,0,0
2958,23,0,3,2,1,0,0
2959,21,0,3,2,1,0,0
2960,23,1,3,0,1,0,0
2961,22,1,3,0,1,0,0
2962,22,0,3,0,1,0,0
2963,26,0,3,2,1,0,0
2964,26,0,3,0,1,0,0
2965,26,1,3,0,1,0,0
2966,21,0,3,0,1,0,0
2967,25,0,3,0,1,0,0
2968,21,0,3,2,1,0,0
2969,25,0,3,0,1,0,0
2970,21,1,3,2,1,0,0
2971,21,0,3,2,1,0,0
2972,25,0,3,0,1,0,0
2973,22,1,3,2,1,0,0
2974,25,0,3,2,1,0,0
2975,26,0,3,0,1,0,0
2976,21,1,3,2,1,0,0
2977,24,1,3,0,1,0,0
2978,22,0,3,0,1,0,0
2979,26,1,3,0,1,0,0
2980,21,0,3,0,1,0,0
2981,22,0,3,0,1,0,0
2982,25,1,3,2,1,0,0
2983,24,0,3,2,1,0,0
2996,23,0,3,2,1,0,0
2985,23,1,3,0,1,0,0
2986,21,1,3,2,1,0,0
2987,26,0,3,2,1,0,0
2988,22,0,3,2,1,0,0
2989,23,0,3,2,1,0,0
2990,23,1,3,2,1,0,0
2991,26,0,3,2,1,0,0
2992,26,1,3,2,1,0,0
2993,25,0,3,0,1,0,0
2994,25,0,3,2,1,0,0
2995,21,1,3,2,1,0,0
2996,22,1,3,2,1,0,0
2997,25,1,3,2,1,0,0
2998,24,0,3,0,1,0,0
2999,22,1,3,2,1,0,0
3000,21,1,3,0,1,0,0
3001,27,0,3,0,1,0,0
3002,30,1,3,0,1,0,0
3003,24,1,3,2,1,0,0
3004,28,0,3,0,1,0,0
3005,31,0,3,0,1,0,0
3006,31,0,3,0,1,0,0
3007,27,0,3,0,1,0,0
3008,24,1,3,0,1,0,0
3009,24,1,3,0,1,0,0
3010,31,0,3,0,1,0,0
3011,30,0,3,0,1,0,0
3012,26,0,3,2,1,0,0
3013,30,0,3,0,1,0,0
3014,31,0,3,2,1,0,0
3015,29,0,3,0,1,0,0
3016,32,1,3,0,1,0,0
3017,28,0,3,0,1,0,0
3018,27,0,3,0,1,0,0
3019,26,0,3,0,1,0,0
3020,26,0,3,0,1,0,0
3021,30,0,3,0,1,0,0
3022,30,1,3,0,1,0,0
3023,31,1,3,0,1,0,0
3024,32,0,3,0,1,0,0
3025,24,1,3,0,1,0,0
3026,26,0,3,0,1,0,0
3027,26,1,3,0,1,0,0
3028,28,0,3,0,1,0,0
3029,29,1,3,0,1,0,0
3030,26,0,3,0,1,0,0
3031,30,1,3,0,1,0,0
3032,25,0,3,2,1,0,0
3033,31,0,3,2,1,0,0
3034,30,0,3,2,1,0,0
3035,30,1,3,0,1,0,0
3036,29,1,3,0,1,0,0
3037,30,0,3,2,1,0,0
3038,27,1,3,0,1,0,0
3039,25,0,3,0,1,0,0
3040,27,0,3,0,1,0,0
3041,31,1,3,0,1,0,0
3042,29,0,3,0,1,0,0
3043,25,0,3,0,1,0,0
3044,31,0,3,0,1,0,0
3045,31,0,3,2,1,0,0
3046,25,0,3,0,1,0,0
3047,30,1,3,0,1,0,0
3048,24,0,3,0,1,0,0
3049,27,1,3,0,1,0,0
3050,25,1,3,2,1,0,0
3051,25,0,3,0,1,0,0
3052,30,1,3,0,1,0,0
3053,27,0,3,2,1,0,0
3054,32,0,3,2,1,0,0
3055,31,1,3,0,1,0,0
3056,32,0,3,0,1,0,0
3057,24,1,3,0,1,0,0
3058,26,1,3,0,1,0,0
3059,32,0,3,0,1,0,0
3060,30,1,3,0,1,0,0
3061,26,0,3,0,1,0,0
3062,29,1,3,2,1,0,0
3063,25,0,3,0,1,0,0
3064,26,0,3,0,1,0,0
3065,27,0,3,0,1,0,0
3066,27,1,3,0,1,0,0
3067,24,1,3,0,1,0,0
3068,25,0,3,0,1,0,0
3069,25,0,3,0,1,0,0
3070,27,0,3,2,1,0,0
3071,26,0,3,0,1,0,0
3072,32,0,3,0,1,0,0
3073,32,1,3,0,1,0,0
3074,24,1,3,2,1,0,0
3075,27,0,3,0,1,0,0
3076,27,0,3,0,1,0,0
3077,29,0,3,0,1,0,0
3078,32,0,3,0,1,0,0
3079,30,0,3,0,1,0,0
3080,28,0,3,0,1,0,0
3081,29,0,3,0,1,0,0
3082,32,0,3,0,1,0,0
3083,24,1,3,2,1,0,0
3096,31,1,3,0,1,0,0
3085,27,0,3,0,1,0,0
3086,28,0,3,0,1,0,0
3087,28,1,3,2,1,0,0
3088,26,0,3,0,1,0,0
3089,27,0,3,0,1,0,0
3090,28,1,3,2,1,0,0
3091,31,0,3,0,1,0,0
3092,25,0,3,0,1,0,0
3093,32,0,3,0,1,0,0
3094,26,0,3,2,1,0,0
3095,26,0,3,0,1,0,0
3096,27,1,3,0,1,0,0
3097,32,1,3,2,1,0,0
3098,31,1,3,2,1,0,0
3099,27,0,3,0,1,0,0
3100,28,0,3,0,1,0,0
3101,31,0,3,0,1,0,0
3102,26,1,3,0,1,0,0
3103,32,1,3,0,1,0,0
3104,32,0,3,0,1,0,0
3105,24,0,3,0,1,0,0
3106,32,1,3,0,1,0,0
3107,26,1,3,0,1,0,0
3108,30,0,3,0,1,0,0
3109,31,0,3,0,1,0,0
3110,28,0,3,0,1,0,0
3111,29,0,3,0,1,0,0
3112,27,0,3,0,1,0,0
3113,32,0,3,2,1,0,0
3114,24,1,3,0,1,0,0
3115,24,0,3,0,1,0,0
3116,28,0,3,2,1,0,0
3117,24,0,3,0,1,0,0
3118,31,1,3,0,1,0,0
3119,28,1,3,0,1,0,0
3120,31,0,3,0,1,0,0
3121,29,1,3,0,1,0,0
3122,28,1,3,0,1,0,0
3123,28,0,3,0,1,0,0
3124,32,1,3,0,1,0,0
3125,25,1,3,0,1,0,0
3126,27,1,3,0,1,0,0
3127,26,1,3,0,1,0,0
3128,27,0,3,0,1,0,0
3129,29,0,3,0,1,0,0
3130,28,0,3,0,1,0,0
3131,27,0,3,0,1,0,0
3132,24,1,3,0,1,0,0
3133,28,0,3,0,1,0,0
3134,24,0,3,0,1,0,0
3135,26,0,3,0,1,0,0
3136,31,0,3,0,1,0,0
3137,25,1,3,0,1,0,0
3138,27,0,3,0,1,0,0
3139,28,1,3,0,1,0,0
3140,32,0,3,2,1,0,0
3141,32,1,3,0,1,0,0
3142,26,1,3,2,1,0,0
3143,32,1,3,0,1,0,0
3144,25,1,3,0,1,0,0
3145,25,1,3,0,1,0,0
3146,27,1,3,2,1,0,0
3147,31,0,3,0,1,0,0
3148,27,0,3,0,1,0,0
3149,26,0,3,0,1,0,0
3150,29,0,3,0,1,0,0
3151,31,1,3,2,1,0,0
3152,27,0,3,0,1,0,0
3153,32,1,3,0,1,0,0
3154,25,0,3,0,1,0,0
3155,30,0,3,0,1,0,0
3156,27,1,3,0,1,0,0
3157,25,1,3,0,1,0,0
3158,32,0,3,0,1,0,0
3159,31,0,3,2,1,0,0
3160,31,0,3,0,1,0,0
3161,28,0,3,0,1,0,0
3162,24,1,3,2,1,0,0
3163,24,0,3,2,1,0,0
3164,30,1,3,0,1,0,0
3165,29,1,3,0,1,0,0
3166,27,0,3,0,1,0,0
3167,31,0,3,2,1,0,0
3168,30,0,3,0,1,0,0
3169,28,0,3,0,1,0,0
3170,28,1,3,0,1,0,0
3171,28,1,3,0,1,0,0
3172,29,0,3,0,1,0,0
3173,26,0,3,0,1,0,0
3174,24,0,3,2,1,0,0
3175,24,0,3,0,1,0,0
3176,24,1,3,0,1,0,0
3177,31,0,3,0,1,0,0
3178,27,0,3,2,1,0,0
3179,27,1,3,2,1,0,0
3180,27,0,3,0,1,0,0
3181,31,1,3,0,1,0,0
3182,25,0,3,0,1,0,0
3183,29,0,3,2,1,0,0
3196,24,0,3,0,1,0,0
3185,32,1,3,0,1,0,0
3186,26,0,3,0,1,0,0
3187,32,0,3,0,1,0,0
3188,29,1,3,0,1,0,0
3189,24,0,3,0,1,0,0
3190,28,0,3,0,1,0,0
3191,27,0,3,0,1,0,0
3192,25,1,3,0,1,0,0
3193,25,1,3,2,1,0,0
3194,27,1,3,0,1,0,0
3195,28,1,3,0,1,0,0
3196,27,0,3,2,1,0,0
3197,31,0,3,0,1,0,0
3198,32,0,3,0,1,0,0
3199,27,0,3,0,1,0,0
3200,28,0,3,2,1,0,0
3201,24,1,3,0,1,0,0
3202,30,0,3,0,1,0,0
3203,28,0,3,0,1,0,0
3204,30,1,3,0,1,0,0
3205,27,0,3,0,1,0,0
3206,26,1,3,2,1,0,0
3207,28,1,3,0,1,0,0
3208,27,0,3,0,1,0,0
3209,24,1,3,0,1,0,0
3210,30,1,3,0,1,0,0
3211,32,0,3,0,1,0,0
3212,32,0,3,0,1,0,0
3213,31,0,3,0,1,0,0
3214,24,1,3,0,1,0,0
3215,28,0,3,2,1,0,0
3216,24,0,3,0,1,0,0
3217,29,0,3,0,1,0,0
3218,29,1,3,0,1,0,0
3219,31,0,3,0,1,0,0
3220,25,0,3,0,1,0,0
3221,28,0,3,0,1,0,0
3222,27,0,3,0,1,0,0
3223,31,1,3,0,1,0,0
3224,26,1,3,0,1,0,0
3225,27,0,3,0,1,0,0
3226,32,0,3,0,1,0,0
3227,30,1,3,2,1,0,0
3228,32,0,3,2,1,0,0
3229,24,1,3,0,1,0,0
3230,32,0,3,0,1,0,0
3231,31,0,3,2,1,0,0
3232,30,1,3,2,1,0,0
3233,25,0,3,0,1,0,0
3234,29,1,3,2,1,0,0
3235,25,0,3,0,1,0,0
3236,31,1,3,0,1,0,0
3237,32,1,3,2,1,0,0
3238,27,0,3,2,1,0,0
3239,28,0,3,0,1,0,0
3240,30,1,3,0,1,0,0
3241,25,1,3,0,1,0,0
3242,27,1,3,0,1,0,0
3243,25,1,3,0,1,0,0
3244,26,0,3,0,1,0,0
3245,26,1,3,0,1,0,0
3246,27,0,3,2,1,0,0
3247,31,0,3,0,1,0,0
3248,26,0,3,0,1,0,0
3249,27,0,3,0,1,0,0
3250,30,0,3,0,1,0,0
3251,32,1,3,0,1,0,0
3252,24,1,3,0,1,0,0
3253,26,0,3,0,1,0,0
3254,31,1,3,2,1,0,0
3255,28,1,3,0,1,0,0
3256,27,0,3,0,1,0,0
3257,31,0,3,0,1,0,0
3258,26,1,3,0,1,0,0
3259,24,0,3,0,1,0,0
3260,30,1,3,0,1,0,0
3261,32,1,3,0,1,0,0
3262,31,0,3,0,1,0,0
3263,31,1,3,0,1,0,0
3264,31,1,3,0,1,0,0
3265,25,0,3,0,1,0,0
3266,24,0,3,0,1,0,0
3267,30,1,3,0,1,0,0
3268,29,0,3,0,1,0,0
3269,32,0,3,0,1,0,0
3270,29,0,3,0,1,0,0
3271,31,0,3,2,1,0,0
3272,30,0,3,2,1,0,0
3273,31,1,3,0,1,0,0
3274,27,0,3,0,1,0,0
3275,29,1,3,0,1,0,0
3276,27,0,3,2,1,0,0
3277,24,0,3,0,1,0,0
3278,26,0,3,0,1,0,0
3279,30,0,3,2,1,0,0
3280,27,0,3,0,1,0,0
3281,29,1,3,0,1,0,0
3282,27,0,3,0,1,0,0
3283,32,0,3,0,1,0,0
3296,27,0,3,2,1,0,0
3285,24,0,3,0,1,0,0
3286,28,0,3,0,1,0,0
3287,26,1,3,0,1,0,0
3288,27,1,3,0,1,0,0
3289,26,0,3,0,1,0,0
3290,25,0,3,0,1,0,0
3291,30,0,3,2,1,0,0
3292,32,1,3,0,1,0,0
3293,30,0,3,2,1,0,0
3294,30,1,3,2,1,0,0
3295,27,1,3,0,1,0,0
3296,29,1,3,0,1,0,0
3297,28,0,3,0,1,0,0
3298,30,1,3,0,1,0,0
3299,29,1,3,0,1,0,0
3300,25,0,3,0,1,0,0
3301,25,0,3,2,1,0,0
3302,30,0,3,0,1,0,0
3303,27,0,3,0,1,0,0
3304,29,0,3,0,1,0,0
3305,29,1,3,0,1,0,0
3306,27,0,3,0,1,0,0
3307,25,1,3,0,1,0,0
3308,24,1,3,2,1,0,0
3309,24,0,3,0,1,0,0
3310,29,1,3,0,1,0,0
3311,24,0,3,0,1,0,0
3312,30,1,3,0,1,0,0
3313,31,1,3,2,1,0,0
3314,29,0,3,0,1,0,0
3315,26,1,3,0,1,0,0
3316,27,0,3,2,1,0,0
3317,26,1,3,0,1,0,0
3318,29,0,3,0,1,0,0
3319,26,0,3,0,1,0,0
3320,25,0,3,0,1,0,0
3321,25,0,3,2,1,0,0
3322,26,0,3,0,1,0,0
3323,27,0,3,0,1,0,0
3324,25,0,3,0,1,0,0
3325,26,0,3,2,1,0,0
3326,27,0,3,0,1,0,0
3327,24,0,3,0,1,0,0
3328,28,0,3,0,1,0,0
3329,29,0,3,0,1,0,0
3330,31,1,3,0,1,0,0
3331,29,0,3,0,1,0,0
3332,25,0,3,0,1,0,0
3333,29,1,3,0,1,0,0
3334,31,0,3,0,1,0,0
3335,27,0,3,2,1,0,0
3336,24,0,3,0,1,0,0
3337,28,0,3,0,1,0,0
3338,30,1,3,2,1,0,0
3339,25,0,3,0,1,0,0
3340,25,0,3,0,1,0,0
3341,25,0,3,0,1,0,0
3342,24,1,3,2,1,0,0
3343,26,0,3,0,1,0,0
3344,31,0,3,2,1,0,0
3345,31,1,3,0,1,0,0
3346,29,1,3,0,1,0,0
3347,27,0,3,0,1,0,0
3348,28,1,3,0,1,0,0
3349,29,0,3,0,1,0,0
3350,28,0,3,0,1,0,0
3351,29,1,3,2,1,0,0
3352,32,0,3,2,1,0,0
3353,28,1,3,0,1,0,0
3354,29,0,3,0,1,0,0
3355,26,0,3,2,1,0,0
3356,29,0,3,0,1,0,0
3357,28,1,3,2,1,0,0
3358,29,1,3,0,1,0,0
3359,32,1,3,0,1,0,0
3360,30,0,3,0,1,0,0
3361,27,0,3,0,1,0,0
3362,27,1,3,0,1,0,0
3363,28,0,3,0,1,0,0
3364,25,0,3,0,1,0,0
3365,29,0,3,2,1,0,0
3366,28,0,3,0,1,0,0
3367,26,0,3,2,1,0,0
3368,24,0,3,0,1,0,0
3369,27,0,3,0,1,0,0
3370,30,1,3,0,1,0,0
3371,26,0,3,0,1,0,0
3372,28,1,3,0,1,0,0
3373,27,1,3,0,1,0,0
3374,30,0,3,0,1,0,0
3375,28,0,3,0,1,0,0
3376,30,0,3,0,1,0,0
3377,31,1,3,2,1,0,0
3378,27,1,3,0,1,0,0
3379,30,0,3,0,1,0,0
3380,30,0,3,0,1,0,0
3381,31,1,3,0,1,0,0
3382,29,0,3,0,1,0,0
3383,31,1,3,2,1,0,0
3396,31,0,3,2,1,0,0
3385,32,0,3,0,1,0,0
3386,28,0,3,0,1,0,0
3387,29,1,3,0,1,0,0
3388,32,0,3,0,1,0,0
3389,27,1,3,0,1,0,0
3390,27,0,3,0,1,0,0
3391,31,0,3,2,1,0,0
3392,30,0,3,0,1,0,0
3393,32,1,3,0,1,0,0
3394,25,0,3,0,1,0,0
3395,30,1,3,0,1,0,0
3396,28,0,3,2,1,0,0
3397,26,0,3,0,1,0,0
3398,29,1,3,0,1,0,0
3399,27,0,3,0,1,0,0
3400,26,1,3,0,1,0,0
3401,26,1,3,0,1,0,0
3402,31,0,3,0,1,0,0
3403,32,0,3,2,1,0,0
3404,31,1,3,2,1,0,0
3405,25,0,3,0,1,0,0
3406,29,0,3,2,1,0,0
3407,27,1,3,0,1,0,0
3408,28,1,3,0,1,0,0
3409,25,0,3,0,1,0,0
3410,32,1,3,0,1,0,0
3411,25,0,3,0,1,0,0
3412,29,0,3,0,1,0,0
3413,30,0,3,2,1,0,0
3414,24,0,3,0,1,0,0
3415,30,0,3,2,1,0,0
3416,25,1,3,0,1,0,0
3417,30,0,3,0,1,0,0
3418,28,0,3,0,1,0,0
3419,28,1,3,0,1,0,0
3420,28,0,3,2,1,0,0
3421,25,1,3,0,1,0,0
3422,31,1,3,0,1,0,0
3423,26,1,3,0,1,0,0
3424,29,1,3,2,1,0,0
3425,30,0,3,0,1,0,0
3426,31,0,3,0,1,0,0
3427,31,0,3,0,1,0,0
3428,32,0,3,2,1,0,0
3429,24,1,3,0,1,0,0
3430,27,1,3,0,1,0,0
3431,28,0,3,0,1,0,0
3432,29,1,3,0,1,0,0
3433,24,0,3,0,1,0,0
3434,31,0,3,0,1,0,0
3435,24,0,3,0,1,0,0
3436,31,0,3,0,1,0,0
3437,28,1,3,0,1,0,0
3438,32,1,3,0,1,0,0
3439,28,0,3,2,1,0,0
3440,32,1,3,0,1,0,0
3441,30,1,3,0,1,0,0
3442,28,0,3,0,1,0,0
3443,25,0,3,0,1,0,0
3444,30,1,3,0,1,0,0
3445,24,0,3,0,1,0,0
3446,29,1,3,0,1,0,0
3447,27,0,3,2,1,0,0
3448,27,0,3,2,1,0,0
3449,27,1,3,0,1,0,0
3450,31,0,3,0,1,0,0
3451,32,0,3,0,1,0,0
3452,27,0,3,0,1,0,0
3453,24,0,3,0,1,0,0
3454,29,0,3,0,1,0,0
3455,30,0,3,0,1,0,0
3456,30,1,3,0,1,0,0
3457,32,1,3,0,1,0,0
3458,32,0,3,2,1,0,0
3459,28,1,3,2,1,0,0
3460,28,0,3,0,1,0,0
3461,31,1,3,0,1,0,0
3462,26,1,3,0,1,0,0
3463,25,0,3,0,1,0,0
3464,25,1,3,0,1,0,0
3465,29,1,3,0,1,0,0
3466,26,1,3,2,1,0,0
3467,27,1,3,0,1,0,0
3468,30,0,3,2,1,0,0
3469,27,0,3,2,1,0,0
3470,30,0,3,0,1,0,0
3471,30,1,3,0,1,0,0
3472,24,1,3,2,1,0,0
3473,25,1,3,2,1,0,0
3474,27,0,3,0,1,0,0
3475,30,0,3,0,1,0,0
3476,26,0,3,2,1,0,0
3477,32,1,3,0,1,0,0
3478,28,0,3,0,1,0,0
3479,30,0,3,0,1,0,0
3480,29,1,3,0,1,0,0
3481,32,1,3,0,1,0,0
3482,30,0,3,2,1,0,0
3483,30,0,3,0,1,0,0
3496,32,0,3,0,1,0,0
3485,25,0,3,0,1,0,0
3486,24,0,3,0,1,0,0
3487,27,1,3,0,1,0,0
3488,26,0,3,0,1,0,0
3489,32,1,3,0,1,0,0
3490,32,1,3,0,1,0,0
3491,31,0,3,0,1,0,0
3492,31,1,3,0,1,0,0
3493,24,0,3,0,1,0,0
3494,26,0,3,2,1,0,0
3495,29,1,3,0,1,0,0
3496,27,0,3,0,1,0,0
3497,28,0,3,0,1,0,0
3498,26,1,3,0,1,0,0
3499,25,0,3,2,1,0,0
3500,30,1,3,2,1,0,0
3501,55,0,1,0,2,0,0
3502,75,0,1,0,1,0,0
3503,35,0,1,0,2,0,0
3504,35,1,2,0,1,0,0
3505,85,1,1,0,1,0,0
3506,45,1,1,0,1,0,0
3507,75,0,1,0,1,0,0
3508,75,0,1,0,2,0,0
3509,35,0,1,0,2,0,0
3510,45,1,1,0,1,0,0
3511,55,0,1,0,1,0,0
3512,55,0,1,0,1,0,0
3513,75,0,1,0,1,0,0
3514,35,0,1,0,1,0,0
3515,35,0,1,0,1,0,0
3516,45,1,1,0,1,0,0
3517,35,0,1,0,1,0,0
3518,55,1,1,0,1,0,0
3519,75,1,1,0,1,0,0
3520,35,1,1,0,1,0,0
3521,55,1,1,0,1,0,0
3522,45,1,1,0,1,0,0
3523,55,0,2,0,1,0,0
3524,35,0,1,0,1,0,0
3525,55,1,1,0,2,0,0
3526,35,0,1,0,1,0,0
3527,35,0,2,0,1,0,0
3528,35,1,2,0,1,0,0
3529,45,1,1,0,1,0,0
3530,65,1,2,0,1,0,0
3531,55,0,1,0,1,0,0
3532,65,1,1,0,1,0,0
3533,65,0,1,0,1,0,0
3534,65,0,1,0,1,0,0
3535,35,1,1,0,1,0,0
3536,75,0,1,0,2,0,0
3537,35,0,2,0,2,0,0
3538,55,0,1,0,1,0,0
3539,45,0,1,0,1,0,0
3540,35,1,1,0,1,0,0
3541,35,0,1,0,1,0,0
3542,55,1,1,0,1,0,0
3543,55,1,1,0,1,0,0
3544,65,1,1,0,1,0,0
3545,35,1,2,0,1,0,0
3546,55,0,1,0,2,0,0
3547,65,0,2,0,2,0,0
3548,55,0,1,0,1,0,0
3549,75,0,2,0,1,0,0
3550,35,0,1,0,1,0,0
3551,55,1,2,0,1,0,0
3552,55,1,1,0,1,0,0
3553,55,1,2,0,2,0,0
3554,45,0,1,0,2,0,0
3555,55,1,2,0,1,0,0
3556,35,0,1,0,1,0,0
3557,65,0,2,0,2,0,0
3558,35,1,1,0,1,0,0
3559,55,0,1,0,2,0,0
3560,55,1,1,0,1,0,0
3561,55,0,1,0,1,0,0
3562,45,1,1,0,2,0,0
3563,55,1,1,0,1,0,0
3564,35,1,1,0,2,0,0
3565,75,1,1,0,1,0,0
3566,45,0,2,0,1,0,0
3567,45,1,2,0,1,0,0
3568,55,0,1,0,1,0,0
3569,55,1,1,0,1,0,0
3570,55,0,1,0,1,0,0
3571,45,0,2,0,2,0,0
3572,75,1,2,0,1,0,0
3573,85,1,1,0,1,0,0
3574,45,1,1,0,1,0,0
3575,55,1,1,0,1,0,0
3576,35,1,1,0,2,0,0
3577,65,0,1,0,2,0,0
3578,35,1,1,0,1,0,0
3579,35,0,1,0,1,0,0
3580,35,1,1,0,1,0,0
3581,55,0,2,0,1,0,0
3582,75,0,1,0,1,0,0
3583,55,1,1,0,1,0,0
3596,55,0,1,0,2,0,0
3585,45,0,1,0,1,0,0
3586,55,0,1,0,1,0,0
3587,75,0,1,0,2,0,0
3588,65,0,1,0,1,0,0
3589,65,1,1,0,2,0,0
3590,55,0,1,0,1,0,0
3591,35,0,1,0,1,0,0
3592,55,0,2,0,1,0,0
3593,45,1,1,0,1,0,0
3594,55,0,1,0,1,0,0
3595,55,0,1,0,1,0,0
3596,65,1,1,0,2,0,0
3597,65,1,1,0,1,0,0
3598,35,0,1,0,2,0,0
3599,45,0,2,0,2,0,0
3600,45,0,1,0,1,0,0
3601,55,1,2,0,1,0,0
3602,45,1,1,0,1,0,0
3603,65,1,1,0,2,0,0
3604,55,0,1,0,1,0,0
3605,35,0,1,0,1,0,0
3606,45,0,2,0,1,0,0
3607,55,0,1,0,1,0,0
3608,35,1,2,0,1,0,0
3609,75,0,1,0,1,0,0
3610,45,0,1,0,1,0,0
3611,45,1,1,0,1,0,0
3612,35,1,2,0,2,0,0
3613,75,0,1,0,1,0,0
3614,85,0,1,0,1,0,0
3615,65,1,1,0,1,0,0
3616,85,1,1,0,1,0,0
3617,45,0,1,0,1,0,0
3618,35,0,1,0,1,0,0
3619,35,1,1,0,1,0,0
3620,45,1,1,0,1,0,0
3621,65,0,1,0,1,0,0
3622,65,0,1,0,2,0,0
3623,45,1,1,0,1,0,0
3624,85,1,1,0,1,0,0
3625,55,1,1,0,2,0,0
3626,55,1,1,0,1,0,0
3627,45,1,1,0,1,0,0
3628,85,1,1,0,2,0,0
3629,45,1,1,0,1,0,0
3630,65,1,1,0,1,0,0
3631,35,0,1,0,2,0,0
3632,45,0,2,0,1,0,0
3633,35,0,1,0,2,0,0
3634,45,0,2,0,1,0,0
3635,55,1,2,0,1,0,0
3636,65,0,2,0,1,0,0
3637,45,1,1,0,1,0,0
3638,65,0,1,0,1,0,0
3639,65,0,1,0,2,0,0
3640,35,1,1,0,2,0,0
3641,75,0,1,0,2,0,0
3642,45,1,1,0,2,0,0
3643,55,1,1,0,1,0,0
3644,55,0,2,0,2,0,0
3645,35,1,1,0,1,0,0
3646,55,0,1,0,1,0,0
3647,55,1,1,0,2,0,0
3648,45,0,1,0,1,0,0
3649,55,1,1,0,1,0,0
3650,35,1,1,0,1,0,0
3651,35,0,1,0,1,0,0
3652,65,0,2,0,1,0,0
3653,55,0,2,0,1,0,0
3654,55,1,1,0,1,0,0
3655,55,0,2,0,1,0,0
3656,55,0,1,0,1,0,0
3657,55,0,1,0,1,0,0
3658,35,0,2,0,1,0,0
3659,35,0,1,0,1,0,0
3660,65,0,1,0,2,0,0
3661,55,0,1,0,2,0,0
3662,45,0,2,0,2,0,0
3663,55,0,1,0,2,0,0
3664,35,1,1,0,1,0,0
3665,35,0,1,0,1,0,0
3666,55,1,1,0,1,0,0
3667,35,0,1,0,1,0,0
3668,45,1,2,0,1,0,0
3669,35,1,1,0,1,0,0
3670,75,0,1,0,1,0,0
3671,45,1,1,0,1,0,0
3672,65,0,1,0,1,0,0
3673,35,0,1,0,1,0,0
3674,65,1,1,0,1,0,0
3675,35,1,1,0,1,0,0
3676,55,0,1,0,1,0,0
3677,55,1,2,0,1,0,0
3678,45,1,1,0,1,0,0
3679,65,1,1,0,1,0,0
3680,55,1,1,0,1,0,0
3681,65,0,2,0,1,0,0
3682,65,0,1,0,1,0,0
3683,35,1,1,0,1,0,0
3696,65,1,1,0,1,0,0
3685,65,0,2,0,1,0,0
3686,75,0,2,0,1,0,0
3687,75,1,1,0,1,0,0
3688,45,0,1,0,1,0,0
3689,75,0,1,0,1,0,0
3690,55,1,1,0,1,0,0
3691,55,0,1,0,1,0,0
3692,35,1,1,0,1,0,0
3693,55,0,1,0,1,0,0
3694,35,0,1,0,2,0,0
3695,55,1,2,0,1,0,0
3696,55,0,1,0,1,0,0
3697,65,1,2,0,1,0,0
3698,75,1,2,0,1,0,0
3699,65,1,1,0,1,0,0
3700,65,0,1,0,1,0,0
3701,65,1,2,0,1,0,0
3702,65,1,2,0,1,0,0
3703,35,0,1,0,2,0,0
3704,55,1,1,0,2,0,0
3705,55,1,1,0,1,0,0
3706,65,1,1,0,1,0,0
3707,45,0,1,0,1,0,0
3708,35,0,1,0,1,0,0
3709,45,1,1,0,1,0,0
3710,55,1,2,0,1,0,0
3711,75,1,1,0,1,0,0
3712,35,1,2,0,1,0,0
3713,35,1,1,0,2,0,0
3714,55,1,1,0,1,0,0
3715,65,1,1,0,1,0,0
3716,45,0,1,0,1,0,0
3717,65,1,1,0,1,0,0
3718,55,0,1,0,1,0,0
3719,75,0,2,0,1,0,0
3720,55,1,1,0,2,0,0
3721,65,0,1,0,1,0,0
3722,65,1,1,0,1,0,0
3723,35,1,2,0,1,0,0
3724,55,1,1,0,1,0,0
3725,65,0,2,0,2,0,0
3726,45,0,1,0,1,0,0
3727,35,0,1,0,1,0,0
3728,55,0,1,0,1,0,0
3729,55,0,2,0,1,0,0
3730,45,0,2,0,1,0,0
3731,65,1,1,0,2,0,0
3732,45,1,1,0,1,0,0
3733,35,0,1,0,2,0,0
3734,35,0,1,0,1,0,0
3735,55,1,1,0,1,0,0
3736,45,0,1,0,1,0,0
3737,45,1,2,0,2,0,0
3738,35,0,1,0,1,0,0
3739,65,1,1,0,2,0,0
3740,35,0,1,0,1,0,0
3741,55,0,1,0,2,0,0
3742,75,1,1,0,1,0,0
3743,55,0,1,0,1,0,0
3744,35,1,1,0,1,0,0
3745,55,1,1,0,1,0,0
3746,65,1,1,0,1,0,0
3747,55,0,1,0,2,0,0
3748,65,0,1,0,1,0,0
3749,65,1,1,0,2,0,0
3750,65,1,1,0,1,0,0